#decay	# windows in store	# elements in stream	query	age class	length class	error:mean	latency:p95	ci-width:p95	ci-miss-rate
exponential2	43	313814094	BF	subsecond	seconds	0.084746	0.004000	0.374231	0.000000
exponential2	43	313814094	BF	subsecond	minutes	0.000000	0.005000	0.367592	0.000000
exponential2	43	313814094	BF	subsecond	hours	0.000000	0.054995	0.406377	0.000000
exponential2	43	313814094	BF	subsecond	days	0.000000	0.001000	0.397502	0.000000
exponential2	43	313814094	BF	subsecond	months	0.000000	0.000000	0.430391	0.000000
exponential2	43	313814094	BF	subsecond	years	0.000000	0.043000	0.010000	0.000000
exponential2	43	313814094	BF	seconds	seconds	0.115771	0.001499	0.827018	0.000000
exponential2	43	313814094	BF	seconds	minutes	0.000287	0.001500	0.395082	0.000000
exponential2	43	313814094	BF	seconds	hours	0.000000	0.001493	0.391003	0.000000
exponential2	43	313814094	BF	seconds	days	0.000000	0.002498	0.384502	0.000000
exponential2	43	313814094	BF	seconds	months	0.000000	0.002486	0.430391	0.000000
exponential2	43	313814094	BF	seconds	years	0.000000	0.042000	0.010000	0.000000
exponential2	43	313814094	BF	minutes	seconds	0.174088	0.001493	0.997246	0.000000
exponential2	43	313814094	BF	minutes	minutes	0.000000	0.001496	0.807825	0.000000
exponential2	43	313814094	BF	minutes	hours	0.000000	0.001496	0.470909	0.000000
exponential2	43	313814094	BF	minutes	days	0.000000	0.001499	0.383431	0.000000
exponential2	43	313814094	BF	minutes	months	0.000000	0.002496	0.430390	0.000000
exponential2	43	313814094	BF	hours	seconds	0.179808	0.002499	0.999895	0.000000
exponential2	43	313814094	BF	hours	minutes	0.000000	0.001498	0.990993	0.000000
exponential2	43	313814094	BF	hours	hours	0.000000	0.001499	0.842197	0.000000
exponential2	43	313814094	BF	hours	days	0.000000	0.001500	0.403864	0.000000
exponential2	43	313814094	BF	hours	months	0.000000	0.002498	0.429990	0.000000
exponential2	43	313814094	BF	days	seconds	0.171245	0.001495	0.999996	0.000000
exponential2	43	313814094	BF	days	minutes	0.000000	0.001499	0.999682	0.000000
exponential2	43	313814094	BF	days	hours	0.000000	0.001500	0.993591	0.000000
exponential2	43	313814094	BF	days	days	0.000000	0.002500	0.813958	0.000000
exponential2	43	313814094	BF	days	months	0.000000	0.002498	0.422110	0.000000
exponential2	43	313814094	BF	months	seconds	0.177196	0.001499	1.000000	0.000000
exponential2	43	313814094	BF	months	minutes	0.000000	0.001500	0.999976	0.000000
exponential2	43	313814094	BF	months	hours	0.000000	0.001499	0.999333	0.000000
exponential2	43	313814094	BF	months	days	0.000000	0.002498	0.984144	0.000000
exponential2	43	313814094	BF	months	months	0.000000	0.003996	0.841389	0.000000
exponential2	43	313814094	BF	years	seconds	1.000000	0.100000	1.000000	0.000000
rationalPower1,4,1,1	107	313814094	BF	subsecond	seconds	0.033898	0.000500	0.502145	0.000000
rationalPower1,4,1,1	107	313814094	BF	subsecond	minutes	0.000000	0.001000	0.334081	0.000000
rationalPower1,4,1,1	107	313814094	BF	subsecond	hours	0.000000	0.000000	0.193490	0.000000
rationalPower1,4,1,1	107	313814094	BF	subsecond	days	0.000000	0.000500	0.108283	0.000000
rationalPower1,4,1,1	107	313814094	BF	subsecond	months	0.000000	0.001000	0.069142	0.000000
rationalPower1,4,1,1	107	313814094	BF	subsecond	years	0.000000	0.001000	0.010000	0.000000
rationalPower1,4,1,1	107	313814094	BF	seconds	seconds	0.137891	0.000500	0.873666	0.000000
rationalPower1,4,1,1	107	313814094	BF	seconds	minutes	0.000000	0.000500	0.337035	0.000000
rationalPower1,4,1,1	107	313814094	BF	seconds	hours	0.000000	0.000500	0.173732	0.000000
rationalPower1,4,1,1	107	313814094	BF	seconds	days	0.000000	0.000500	0.104510	0.000000
rationalPower1,4,1,1	107	313814094	BF	seconds	months	0.000000	0.000500	0.069142	0.000000
rationalPower1,4,1,1	107	313814094	BF	seconds	years	0.000000	0.000000	0.010000	0.000000
rationalPower1,4,1,1	107	313814094	BF	minutes	seconds	0.173801	0.000500	0.995449	0.000000
rationalPower1,4,1,1	107	313814094	BF	minutes	minutes	0.000000	0.000500	0.743937	0.000000
rationalPower1,4,1,1	107	313814094	BF	minutes	hours	0.000000	0.000500	0.211287	0.000000
rationalPower1,4,1,1	107	313814094	BF	minutes	days	0.000000	0.000500	0.110480	0.000000
rationalPower1,4,1,1	107	313814094	BF	minutes	months	0.000000	0.000500	0.069016	0.000000
rationalPower1,4,1,1	107	313814094	BF	hours	seconds	0.179808	0.000500	0.999716	0.000000
rationalPower1,4,1,1	107	313814094	BF	hours	minutes	0.000000	0.000500	0.971414	0.000000
rationalPower1,4,1,1	107	313814094	BF	hours	hours	0.000000	0.000500	0.591108	0.000000
rationalPower1,4,1,1	107	313814094	BF	hours	days	0.000000	0.000500	0.134629	0.000000
rationalPower1,4,1,1	107	313814094	BF	hours	months	0.000000	0.000500	0.065527	0.000000
rationalPower1,4,1,1	107	313814094	BF	days	seconds	0.171245	0.000500	0.999979	0.000000
rationalPower1,4,1,1	107	313814094	BF	days	minutes	0.000000	0.000500	0.998336	0.000000
rationalPower1,4,1,1	107	313814094	BF	days	hours	0.000000	0.000500	0.962856	0.000000
rationalPower1,4,1,1	107	313814094	BF	days	days	0.000000	0.000500	0.478936	0.000000
rationalPower1,4,1,1	107	313814094	BF	days	months	0.000000	0.001500	0.095014	0.000000
rationalPower1,4,1,1	107	313814094	BF	months	seconds	0.177196	0.000500	0.999998	0.000000
rationalPower1,4,1,1	107	313814094	BF	months	minutes	0.000000	0.000500	0.999770	0.000000
rationalPower1,4,1,1	107	313814094	BF	months	hours	0.000000	0.000500	0.996199	0.000000
rationalPower1,4,1,1	107	313814094	BF	months	days	0.000000	0.000500	0.864132	0.000000
rationalPower1,4,1,1	107	313814094	BF	months	months	0.000000	0.000500	0.333091	0.000000
rationalPower1,4,1,1	107	313814094	BF	years	seconds	1.000000	0.001000	1.000000	0.000000
rationalPower1,4,2,1	174	313814094	BF	subsecond	seconds	0.033898	0.000500	0.438177	0.000000
rationalPower1,4,2,1	174	313814094	BF	subsecond	minutes	0.000000	0.000000	0.216325	0.000000
rationalPower1,4,2,1	174	313814094	BF	subsecond	hours	0.000000	0.000500	0.134957	0.000000
rationalPower1,4,2,1	174	313814094	BF	subsecond	days	0.000000	0.000500	0.069392	0.000000
rationalPower1,4,2,1	174	313814094	BF	subsecond	months	0.000000	0.000000	0.039285	0.000000
rationalPower1,4,2,1	174	313814094	BF	subsecond	years	0.000000	0.001000	0.010000	0.000000
rationalPower1,4,2,1	174	313814094	BF	seconds	seconds	0.137604	0.000496	0.858817	0.000000
rationalPower1,4,2,1	174	313814094	BF	seconds	minutes	0.000287	0.000496	0.247498	0.000000
rationalPower1,4,2,1	174	313814094	BF	seconds	hours	0.000000	0.000500	0.149399	0.000000
rationalPower1,4,2,1	174	313814094	BF	seconds	days	0.000000	0.000500	0.069324	0.000000
rationalPower1,4,2,1	174	313814094	BF	seconds	months	0.000000	0.000500	0.039282	0.000000
rationalPower1,4,2,1	174	313814094	BF	seconds	years	0.000000	0.000000	0.010000	0.000000
rationalPower1,4,2,1	174	313814094	BF	minutes	seconds	0.173226	0.000496	0.992349	0.000000
rationalPower1,4,2,1	174	313814094	BF	minutes	minutes	0.000000	0.000496	0.641198	0.000000
rationalPower1,4,2,1	174	313814094	BF	minutes	hours	0.000000	0.000500	0.143711	0.000000
rationalPower1,4,2,1	174	313814094	BF	minutes	days	0.000000	0.000500	0.065890	0.000000
rationalPower1,4,2,1	174	313814094	BF	minutes	months	0.000000	0.000496	0.038976	0.000000
rationalPower1,4,2,1	174	313814094	BF	hours	seconds	0.179808	0.000496	0.999526	0.000000
rationalPower1,4,2,1	174	313814094	BF	hours	minutes	0.000000	0.000496	0.962720	0.000000
rationalPower1,4,2,1	174	313814094	BF	hours	hours	0.000000	0.000500	0.486185	0.000000
rationalPower1,4,2,1	174	313814094	BF	hours	days	0.000000	0.000500	0.089005	0.000000
rationalPower1,4,2,1	174	313814094	BF	hours	months	0.000000	0.000500	0.036556	0.000000
rationalPower1,4,2,1	174	313814094	BF	days	seconds	0.171245	0.000496	0.999963	0.000000
rationalPower1,4,2,1	174	313814094	BF	days	minutes	0.000000	0.000496	0.996950	0.000000
rationalPower1,4,2,1	174	313814094	BF	days	hours	0.000000	0.000496	0.926856	0.000000
rationalPower1,4,2,1	174	313814094	BF	days	days	0.000000	0.000500	0.304383	0.000000
rationalPower1,4,2,1	174	313814094	BF	days	months	0.000000	0.000500	0.067568	0.000000
rationalPower1,4,2,1	174	313814094	BF	months	seconds	0.177196	0.000500	0.999995	0.000000
rationalPower1,4,2,1	174	313814094	BF	months	minutes	0.000000	0.000500	0.999637	0.000000
rationalPower1,4,2,1	174	313814094	BF	months	hours	0.000000	0.000500	0.992706	0.000000
rationalPower1,4,2,1	174	313814094	BF	months	days	0.000000	0.000500	0.768039	0.000000
rationalPower1,4,2,1	174	313814094	BF	months	months	0.000000	0.001000	0.218331	0.000000
rationalPower1,4,2,1	174	313814094	BF	years	seconds	1.000000	0.000000	1.000000	0.000000
rationalPower1,4,4,1	302	313814094	BF	subsecond	seconds	0.067797	0.000000	0.408832	0.000000
rationalPower1,4,4,1	302	313814094	BF	subsecond	minutes	0.000000	0.000000	0.158704	0.000000
rationalPower1,4,4,1	302	313814094	BF	subsecond	hours	0.000000	0.000500	0.072682	0.000000
rationalPower1,4,4,1	302	313814094	BF	subsecond	days	0.000000	0.001500	0.061085	0.000000
rationalPower1,4,4,1	302	313814094	BF	subsecond	months	0.000000	0.000000	0.036018	0.000000
rationalPower1,4,4,1	302	313814094	BF	subsecond	years	0.000000	0.001000	0.010000	0.000000
rationalPower1,4,4,1	302	313814094	BF	seconds	seconds	0.114335	0.000500	0.740971	0.000000
rationalPower1,4,4,1	302	313814094	BF	seconds	minutes	0.000287	0.000500	0.156655	0.000000
rationalPower1,4,4,1	302	313814094	BF	seconds	hours	0.000000	0.000500	0.070851	0.000000
rationalPower1,4,4,1	302	313814094	BF	seconds	days	0.000000	0.000500	0.047028	0.000000
rationalPower1,4,4,1	302	313814094	BF	seconds	months	0.000000	0.000500	0.036008	0.000000
rationalPower1,4,4,1	302	313814094	BF	seconds	years	0.000000	0.000000	0.010000	0.000000
rationalPower1,4,4,1	302	313814094	BF	minutes	seconds	0.173513	0.000500	0.989747	0.000000
rationalPower1,4,4,1	302	313814094	BF	minutes	minutes	0.000000	0.000500	0.540387	0.000000
rationalPower1,4,4,1	302	313814094	BF	minutes	hours	0.000000	0.000500	0.087271	0.000000
rationalPower1,4,4,1	302	313814094	BF	minutes	days	0.000000	0.000500	0.046610	0.000000
rationalPower1,4,4,1	302	313814094	BF	minutes	months	0.000000	0.000500	0.035404	0.000000
rationalPower1,4,4,1	302	313814094	BF	hours	seconds	0.179808	0.000500	0.999114	0.000000
rationalPower1,4,4,1	302	313814094	BF	hours	minutes	0.000000	0.000500	0.923729	0.000000
rationalPower1,4,4,1	302	313814094	BF	hours	hours	0.000000	0.000500	0.380203	0.000000
rationalPower1,4,4,1	302	313814094	BF	hours	days	0.000000	0.000500	0.053770	0.000000
rationalPower1,4,4,1	302	313814094	BF	hours	months	0.000000	0.000500	0.033525	0.000000
rationalPower1,4,4,1	302	313814094	BF	days	seconds	0.171245	0.000500	0.999936	0.000000
rationalPower1,4,4,1	302	313814094	BF	days	minutes	0.000000	0.000500	0.994691	0.000000
rationalPower1,4,4,1	302	313814094	BF	days	hours	0.000000	0.000500	0.863978	0.000000
rationalPower1,4,4,1	302	313814094	BF	days	days	0.000000	0.000500	0.191053	0.000000
rationalPower1,4,4,1	302	313814094	BF	days	months	0.000000	0.000500	0.040486	0.000000
rationalPower1,4,4,1	302	313814094	BF	months	seconds	0.177196	0.000500	0.999992	0.000000
rationalPower1,4,4,1	302	313814094	BF	months	minutes	0.000000	0.000500	0.999333	0.000000
rationalPower1,4,4,1	302	313814094	BF	months	hours	0.000000	0.000500	0.984402	0.000000
rationalPower1,4,4,1	302	313814094	BF	months	days	0.000000	0.000500	0.661297	0.000000
rationalPower1,4,4,1	302	313814094	BF	months	months	0.000000	0.001500	0.140785	0.000000
rationalPower1,4,4,1	302	313814094	BF	years	seconds	1.000000	0.000000	1.000000	0.000000
rationalPower1,4,8,1	521	313814094	BF	subsecond	seconds	0.050847	0.000000	0.293483	0.000000
rationalPower1,4,8,1	521	313814094	BF	subsecond	minutes	0.000000	0.001000	0.086703	0.000000
rationalPower1,4,8,1	521	313814094	BF	subsecond	hours	0.000000	0.000000	0.043967	0.000000
rationalPower1,4,8,1	521	313814094	BF	subsecond	days	0.000000	0.000000	0.030365	0.000000
rationalPower1,4,8,1	521	313814094	BF	subsecond	months	0.000000	0.000000	0.026241	0.000000
rationalPower1,4,8,1	521	313814094	BF	subsecond	years	0.000000	0.002000	0.010000	0.000000
rationalPower1,4,8,1	521	313814094	BF	seconds	seconds	0.083022	0.000500	0.608640	0.000000
rationalPower1,4,8,1	521	313814094	BF	seconds	minutes	0.000287	0.000500	0.100685	0.000000
rationalPower1,4,8,1	521	313814094	BF	seconds	hours	0.000000	0.000500	0.040985	0.000000
rationalPower1,4,8,1	521	313814094	BF	seconds	days	0.000000	0.000500	0.030241	0.000000
rationalPower1,4,8,1	521	313814094	BF	seconds	months	0.000000	0.000500	0.026231	0.000000
rationalPower1,4,8,1	521	313814094	BF	seconds	years	0.000000	0.000000	0.010000	0.000000
rationalPower1,4,8,1	521	313814094	BF	minutes	seconds	0.171502	0.000500	0.979745	0.000000
rationalPower1,4,8,1	521	313814094	BF	minutes	minutes	0.000000	0.000500	0.389227	0.000000
rationalPower1,4,8,1	521	313814094	BF	minutes	hours	0.000000	0.000500	0.059527	0.000000
rationalPower1,4,8,1	521	313814094	BF	minutes	days	0.000000	0.000500	0.030898	0.000000
rationalPower1,4,8,1	521	313814094	BF	minutes	months	0.000000	0.000500	0.025551	0.000000
rationalPower1,4,8,1	521	313814094	BF	hours	seconds	0.179808	0.000500	0.998080	0.000000
rationalPower1,4,8,1	521	313814094	BF	hours	minutes	0.000000	0.000500	0.884898	0.000000
rationalPower1,4,8,1	521	313814094	BF	hours	hours	0.000000	0.000500	0.229440	0.000000
rationalPower1,4,8,1	521	313814094	BF	hours	days	0.000000	0.000500	0.037211	0.000000
rationalPower1,4,8,1	521	313814094	BF	hours	months	0.000000	0.000500	0.023362	0.000000
rationalPower1,4,8,1	521	313814094	BF	days	seconds	0.171245	0.000500	0.999900	0.000000
rationalPower1,4,8,1	521	313814094	BF	days	minutes	0.000000	0.000500	0.991852	0.000000
rationalPower1,4,8,1	521	313814094	BF	days	hours	0.000000	0.000500	0.808638	0.000000
rationalPower1,4,8,1	521	313814094	BF	days	days	0.000000	0.000500	0.127999	0.000000
rationalPower1,4,8,1	521	313814094	BF	days	months	0.000000	0.000500	0.028844	0.000000
rationalPower1,4,8,1	521	313814094	BF	months	seconds	0.177196	0.000500	0.999985	0.000000
rationalPower1,4,8,1	521	313814094	BF	months	minutes	0.000000	0.000500	0.998838	0.000000
rationalPower1,4,8,1	521	313814094	BF	months	hours	0.000000	0.000500	0.963631	0.000000
rationalPower1,4,8,1	521	313814094	BF	months	days	0.000000	0.000500	0.563590	0.000000
rationalPower1,4,8,1	521	313814094	BF	months	months	0.000000	0.000500	0.112252	0.000000
rationalPower1,4,8,1	521	313814094	BF	years	seconds	1.000000	0.000000	1.000000	0.000000
rationalPower1,4,16,1	889	313814094	BF	subsecond	seconds	0.033898	0.004000	0.208860	0.000000
rationalPower1,4,16,1	889	313814094	BF	subsecond	minutes	0.000000	0.000500	0.065135	0.000000
rationalPower1,4,16,1	889	313814094	BF	subsecond	hours	0.000000	0.000500	0.031742	0.000000
rationalPower1,4,16,1	889	313814094	BF	subsecond	days	0.000000	0.000000	0.019124	0.000000
rationalPower1,4,16,1	889	313814094	BF	subsecond	months	0.000000	0.000000	0.017540	0.000000
rationalPower1,4,16,1	889	313814094	BF	subsecond	years	0.000000	0.001000	0.010000	0.000000
rationalPower1,4,16,1	889	313814094	BF	seconds	seconds	0.070095	0.000500	0.543840	0.000000
rationalPower1,4,16,1	889	313814094	BF	seconds	minutes	0.000000	0.000500	0.074256	0.000000
rationalPower1,4,16,1	889	313814094	BF	seconds	hours	0.000000	0.000500	0.030749	0.000000
rationalPower1,4,16,1	889	313814094	BF	seconds	days	0.000000	0.000500	0.018634	0.000000
rationalPower1,4,16,1	889	313814094	BF	seconds	months	0.000000	0.000500	0.017529	0.000000
rationalPower1,4,16,1	889	313814094	BF	seconds	years	0.000000	0.000000	0.010000	0.000000
rationalPower1,4,16,1	889	313814094	BF	minutes	seconds	0.169492	0.000500	0.968291	0.000000
rationalPower1,4,16,1	889	313814094	BF	minutes	minutes	0.000000	0.000500	0.274067	0.000000
rationalPower1,4,16,1	889	313814094	BF	minutes	hours	0.000000	0.000500	0.042918	0.000000
rationalPower1,4,16,1	889	313814094	BF	minutes	days	0.000000	0.000500	0.022677	0.000000
rationalPower1,4,16,1	889	313814094	BF	minutes	months	0.000000	0.000500	0.016830	0.000000
rationalPower1,4,16,1	889	313814094	BF	hours	seconds	0.179808	0.000500	0.997401	0.000000
rationalPower1,4,16,1	889	313814094	BF	hours	minutes	0.000000	0.000500	0.816492	0.000000
rationalPower1,4,16,1	889	313814094	BF	hours	hours	0.000000	0.000500	0.137275	0.000000
rationalPower1,4,16,1	889	313814094	BF	hours	days	0.000000	0.000500	0.025132	0.000000
rationalPower1,4,16,1	889	313814094	BF	hours	months	0.000000	0.000500	0.016251	0.000000
rationalPower1,4,16,1	889	313814094	BF	days	seconds	0.171245	0.000500	0.999823	0.000000
rationalPower1,4,16,1	889	313814094	BF	days	minutes	0.000000	0.000500	0.984658	0.000000
rationalPower1,4,16,1	889	313814094	BF	days	hours	0.000000	0.000500	0.717957	0.000000
rationalPower1,4,16,1	889	313814094	BF	days	days	0.000000	0.000500	0.086071	0.000000
rationalPower1,4,16,1	889	313814094	BF	days	months	0.000000	0.000500	0.020750	0.000000
rationalPower1,4,16,1	889	313814094	BF	months	seconds	0.177196	0.000500	0.999975	0.000000
rationalPower1,4,16,1	889	313814094	BF	months	minutes	0.000000	0.000000	0.998054	0.000000
rationalPower1,4,16,1	889	313814094	BF	months	hours	0.000000	0.000500	0.944674	0.000000
rationalPower1,4,16,1	889	313814094	BF	months	days	0.000000	0.001000	0.403603	0.000000
rationalPower1,4,16,1	889	313814094	BF	months	months	0.000000	0.002500	0.072256	0.000000
rationalPower1,4,16,1	889	313814094	BF	years	seconds	1.000000	0.000000	1.000000	0.000000
rationalPower1,2,1,1	1428	313814094	BF	subsecond	seconds	0.016949	0.000500	0.215528	0.000000
rationalPower1,2,1,1	1428	313814094	BF	subsecond	minutes	0.000000	0.000500	0.116193	0.000000
rationalPower1,2,1,1	1428	313814094	BF	subsecond	hours	0.000000	0.000000	0.044801	0.000000
rationalPower1,2,1,1	1428	313814094	BF	subsecond	days	0.000000	0.004500	0.017848	0.000000
rationalPower1,2,1,1	1428	313814094	BF	subsecond	months	0.000000	0.000000	0.015032	0.000000
rationalPower1,2,1,1	1428	313814094	BF	subsecond	years	0.000000	0.002000	0.010000	0.000000
rationalPower1,2,1,1	1428	313814094	BF	seconds	seconds	0.078426	0.000500	0.603911	0.000000
rationalPower1,2,1,1	1428	313814094	BF	seconds	minutes	0.000000	0.000500	0.093229	0.000000
rationalPower1,2,1,1	1428	313814094	BF	seconds	hours	0.000000	0.000500	0.038829	0.000000
rationalPower1,2,1,1	1428	313814094	BF	seconds	days	0.000000	0.000500	0.016558	0.000000
rationalPower1,2,1,1	1428	313814094	BF	seconds	months	0.000000	0.000500	0.015021	0.000000
rationalPower1,2,1,1	1428	313814094	BF	seconds	years	0.000000	0.000000	0.010000	0.000000
rationalPower1,2,1,1	1428	313814094	BF	minutes	seconds	0.170641	0.000500	0.971895	0.000000
rationalPower1,2,1,1	1428	313814094	BF	minutes	minutes	0.000000	0.000500	0.324852	0.000000
rationalPower1,2,1,1	1428	313814094	BF	minutes	hours	0.000000	0.000500	0.041408	0.000000
rationalPower1,2,1,1	1428	313814094	BF	minutes	days	0.000000	0.000500	0.018418	0.000000
rationalPower1,2,1,1	1428	313814094	BF	minutes	months	0.000000	0.000500	0.014329	0.000000
rationalPower1,2,1,1	1428	313814094	BF	hours	seconds	0.179808	0.000500	0.997574	0.000000
rationalPower1,2,1,1	1428	313814094	BF	hours	minutes	0.000000	0.000500	0.794588	0.000000
rationalPower1,2,1,1	1428	313814094	BF	hours	hours	0.000000	0.000500	0.134640	0.000000
rationalPower1,2,1,1	1428	313814094	BF	hours	days	0.000000	0.000500	0.021682	0.000000
rationalPower1,2,1,1	1428	313814094	BF	hours	months	0.000000	0.000500	0.013448	0.000000
rationalPower1,2,1,1	1428	313814094	BF	days	seconds	0.171245	0.000500	0.999697	0.000000
rationalPower1,2,1,1	1428	313814094	BF	days	minutes	0.000000	0.000500	0.976801	0.000000
rationalPower1,2,1,1	1428	313814094	BF	days	hours	0.000000	0.000500	0.584306	0.000000
rationalPower1,2,1,1	1428	313814094	BF	days	days	0.000000	0.000500	0.056137	0.000000
rationalPower1,2,1,1	1428	313814094	BF	days	months	0.000000	0.000500	0.014761	0.000000
rationalPower1,2,1,1	1428	313814094	BF	months	seconds	0.177196	0.000500	0.999940	0.000000
rationalPower1,2,1,1	1428	313814094	BF	months	minutes	0.000000	0.000500	0.995888	0.000000
rationalPower1,2,1,1	1428	313814094	BF	months	hours	0.000000	0.000500	0.876420	0.000000
rationalPower1,2,1,1	1428	313814094	BF	months	days	0.000000	0.000500	0.203037	0.000000
rationalPower1,2,1,1	1428	313814094	BF	months	months	0.000000	0.000000	0.031903	0.000000
rationalPower1,2,1,1	1428	313814094	BF	years	seconds	1.000000	0.000000	1.000000	0.000000
rationalPower1,4,32,1	1523	313814094	BF	subsecond	seconds	0.067797	0.000500	0.180019	0.000000
rationalPower1,4,32,1	1523	313814094	BF	subsecond	minutes	0.000000	0.001000	0.051737	0.000000
rationalPower1,4,32,1	1523	313814094	BF	subsecond	hours	0.000000	0.000000	0.023319	0.000000
rationalPower1,4,32,1	1523	313814094	BF	subsecond	days	0.000000	0.001500	0.017258	0.000000
rationalPower1,4,32,1	1523	313814094	BF	subsecond	months	0.000000	0.000000	0.014367	0.000000
rationalPower1,4,32,1	1523	313814094	BF	subsecond	years	0.000000	0.000000	0.010000	0.000000
rationalPower1,4,32,1	1523	313814094	BF	seconds	seconds	0.038495	0.000500	0.329920	0.000000
rationalPower1,4,32,1	1523	313814094	BF	seconds	minutes	0.000287	0.000500	0.049935	0.000000
rationalPower1,4,32,1	1523	313814094	BF	seconds	hours	0.000000	0.000500	0.024261	0.000000
rationalPower1,4,32,1	1523	313814094	BF	seconds	days	0.000000	0.000500	0.016809	0.000000
rationalPower1,4,32,1	1523	313814094	BF	seconds	months	0.000000	0.000500	0.014361	0.000000
rationalPower1,4,32,1	1523	313814094	BF	seconds	years	0.000000	0.000000	0.010000	0.000000
rationalPower1,4,32,1	1523	313814094	BF	minutes	seconds	0.160299	0.000500	0.941641	0.000000
rationalPower1,4,32,1	1523	313814094	BF	minutes	minutes	0.000000	0.000500	0.189609	0.000000
rationalPower1,4,32,1	1523	313814094	BF	minutes	hours	0.000000	0.000500	0.029956	0.000000
rationalPower1,4,32,1	1523	313814094	BF	minutes	days	0.000000	0.000500	0.017312	0.000000
rationalPower1,4,32,1	1523	313814094	BF	minutes	months	0.000000	0.000500	0.014107	0.000000
rationalPower1,4,32,1	1523	313814094	BF	hours	seconds	0.179808	0.000500	0.994896	0.000000
rationalPower1,4,32,1	1523	313814094	BF	hours	minutes	0.000000	0.000500	0.728644	0.000000
rationalPower1,4,32,1	1523	313814094	BF	hours	hours	0.000000	0.000500	0.078942	0.000000
rationalPower1,4,32,1	1523	313814094	BF	hours	days	0.000000	0.000500	0.018775	0.000000
rationalPower1,4,32,1	1523	313814094	BF	hours	months	0.000000	0.000500	0.014472	0.000000
rationalPower1,4,32,1	1523	313814094	BF	days	seconds	0.171245	0.000500	0.999706	0.000000
rationalPower1,4,32,1	1523	313814094	BF	days	minutes	0.000000	0.000500	0.975963	0.000000
rationalPower1,4,32,1	1523	313814094	BF	days	hours	0.000000	0.000500	0.580678	0.000000
rationalPower1,4,32,1	1523	313814094	BF	days	days	0.000000	0.000500	0.055511	0.000000
rationalPower1,4,32,1	1523	313814094	BF	days	months	0.000000	0.000500	0.016260	0.000000
rationalPower1,4,32,1	1523	313814094	BF	months	seconds	0.177196	0.000500	0.999959	0.000000
rationalPower1,4,32,1	1523	313814094	BF	months	minutes	0.000000	0.000500	0.996399	0.000000
rationalPower1,4,32,1	1523	313814094	BF	months	hours	0.000000	0.000500	0.904894	0.000000
rationalPower1,4,32,1	1523	313814094	BF	months	days	0.000000	0.000500	0.284608	0.000000
rationalPower1,4,32,1	1523	313814094	BF	months	months	0.000000	0.000500	0.040136	0.000000
rationalPower1,4,32,1	1523	313814094	BF	years	seconds	1.000000	0.000000	1.000000	0.000000
rationalPower1,2,2,1	2278	313814094	BF	subsecond	seconds	0.067797	0.000500	0.181428	0.000000
rationalPower1,2,2,1	2278	313814094	BF	subsecond	minutes	0.000000	0.001500	0.056935	0.000000
rationalPower1,2,2,1	2278	313814094	BF	subsecond	hours	0.000000	0.000000	0.027623	0.000000
rationalPower1,2,2,1	2278	313814094	BF	subsecond	days	0.000000	0.000500	0.015138	0.000000
rationalPower1,2,2,1	2278	313814094	BF	subsecond	months	0.000000	0.001000	0.011939	0.000000
rationalPower1,2,2,1	2278	313814094	BF	subsecond	years	0.000000	0.000000	0.010000	0.000000
rationalPower1,2,2,1	2278	313814094	BF	seconds	seconds	0.063488	0.000500	0.519183	0.000000
rationalPower1,2,2,1	2278	313814094	BF	seconds	minutes	0.000000	0.000500	0.066642	0.000000
rationalPower1,2,2,1	2278	313814094	BF	seconds	hours	0.000000	0.000500	0.026451	0.000000
rationalPower1,2,2,1	2278	313814094	BF	seconds	days	0.000000	0.000500	0.014952	0.000000
rationalPower1,2,2,1	2278	313814094	BF	seconds	months	0.000000	0.001000	0.011937	0.000000
rationalPower1,2,2,1	2278	313814094	BF	seconds	years	0.000000	0.000000	0.010000	0.000000
rationalPower1,2,2,1	2278	313814094	BF	minutes	seconds	0.168342	0.000500	0.961941	0.000000
rationalPower1,2,2,1	2278	313814094	BF	minutes	minutes	0.000000	0.000500	0.250103	0.000000
rationalPower1,2,2,1	2278	313814094	BF	minutes	hours	0.000000	0.000500	0.032597	0.000000
rationalPower1,2,2,1	2278	313814094	BF	minutes	days	0.000000	0.000500	0.014668	0.000000
rationalPower1,2,2,1	2278	313814094	BF	minutes	months	0.000000	0.001500	0.011869	0.000000
rationalPower1,2,2,1	2278	313814094	BF	hours	seconds	0.179808	0.000500	0.995203	0.000000
rationalPower1,2,2,1	2278	313814094	BF	hours	minutes	0.000000	0.000500	0.716832	0.000000
rationalPower1,2,2,1	2278	313814094	BF	hours	hours	0.000000	0.000500	0.111242	0.000000
rationalPower1,2,2,1	2278	313814094	BF	hours	days	0.000000	0.000500	0.016709	0.000000
rationalPower1,2,2,1	2278	313814094	BF	hours	months	0.000000	0.001500	0.012295	0.000000
rationalPower1,2,2,1	2278	313814094	BF	days	seconds	0.171245	0.000500	0.999504	0.000000
rationalPower1,2,2,1	2278	313814094	BF	days	minutes	0.000000	0.000500	0.961408	0.000000
rationalPower1,2,2,1	2278	313814094	BF	days	hours	0.000000	0.000500	0.441536	0.000000
rationalPower1,2,2,1	2278	313814094	BF	days	days	0.000000	0.000500	0.037976	0.000000
rationalPower1,2,2,1	2278	313814094	BF	days	months	0.000000	0.000500	0.013423	0.000000
rationalPower1,2,2,1	2278	313814094	BF	months	seconds	0.177196	0.000500	0.999917	0.000000
rationalPower1,2,2,1	2278	313814094	BF	months	minutes	0.000000	0.000500	0.993562	0.000000
rationalPower1,2,2,1	2278	313814094	BF	months	hours	0.000000	0.000500	0.838825	0.000000
rationalPower1,2,2,1	2278	313814094	BF	months	days	0.000000	0.000500	0.144890	0.000000
rationalPower1,2,2,1	2278	313814094	BF	months	months	0.000000	0.000500	0.029316	0.000000
rationalPower1,2,2,1	2278	313814094	BF	years	seconds	1.000000	0.000000	1.000000	0.000000
rationalPower1,2,4,1	3578	313814094	BF	subsecond	seconds	0.067797	0.000000	0.133109	0.000000
rationalPower1,2,4,1	3578	313814094	BF	subsecond	minutes	0.000000	0.001000	0.043319	0.000000
rationalPower1,2,4,1	3578	313814094	BF	subsecond	hours	0.000000	0.001000	0.021420	0.000000
rationalPower1,2,4,1	3578	313814094	BF	subsecond	days	0.000000	0.001000	0.013780	0.000000
rationalPower1,2,4,1	3578	313814094	BF	subsecond	months	0.000000	0.001000	0.011406	0.000000
rationalPower1,2,4,1	3578	313814094	BF	subsecond	years	0.000000	0.001000	0.010000	0.000000
rationalPower1,2,4,1	3578	313814094	BF	seconds	seconds	0.048549	0.000500	0.356459	0.000000
rationalPower1,2,4,1	3578	313814094	BF	seconds	minutes	0.000000	0.000500	0.047915	0.000000
rationalPower1,2,4,1	3578	313814094	BF	seconds	hours	0.000000	0.000500	0.021193	0.000000
rationalPower1,2,4,1	3578	313814094	BF	seconds	days	0.000000	0.000500	0.013631	0.000000
rationalPower1,2,4,1	3578	313814094	BF	seconds	months	0.000000	0.001500	0.011400	0.000000
rationalPower1,2,4,1	3578	313814094	BF	seconds	years	0.000000	0.000000	0.010000	0.000000
rationalPower1,2,4,1	3578	313814094	BF	minutes	seconds	0.161735	0.000500	0.941583	0.000000
rationalPower1,2,4,1	3578	313814094	BF	minutes	minutes	0.000000	0.000500	0.162352	0.000000
rationalPower1,2,4,1	3578	313814094	BF	minutes	hours	0.000000	0.000500	0.023706	0.000000
rationalPower1,2,4,1	3578	313814094	BF	minutes	days	0.000000	0.000500	0.013293	0.000000
rationalPower1,2,4,1	3578	313814094	BF	minutes	months	0.000000	0.001500	0.011327	0.000000
rationalPower1,2,4,1	3578	313814094	BF	hours	seconds	0.179071	0.000500	0.992648	0.000000
rationalPower1,2,4,1	3578	313814094	BF	hours	minutes	0.000000	0.000500	0.575841	0.000000
rationalPower1,2,4,1	3578	313814094	BF	hours	hours	0.000000	0.000500	0.056060	0.000000
rationalPower1,2,4,1	3578	313814094	BF	hours	days	0.000000	0.000500	0.014154	0.000000
rationalPower1,2,4,1	3578	313814094	BF	hours	months	0.000000	0.001500	0.011449	0.000000
rationalPower1,2,4,1	3578	313814094	BF	days	seconds	0.171245	0.000500	0.999248	0.000000
rationalPower1,2,4,1	3578	313814094	BF	days	minutes	0.000000	0.000500	0.935559	0.000000
rationalPower1,2,4,1	3578	313814094	BF	days	hours	0.000000	0.000500	0.338505	0.000000
rationalPower1,2,4,1	3578	313814094	BF	days	days	0.000000	0.000500	0.029993	0.000000
rationalPower1,2,4,1	3578	313814094	BF	days	months	0.000000	0.000500	0.012321	0.000000
rationalPower1,2,4,1	3578	313814094	BF	months	seconds	0.177196	0.000500	0.999851	0.000000
rationalPower1,2,4,1	3578	313814094	BF	months	minutes	0.000000	0.000500	0.987869	0.000000
rationalPower1,2,4,1	3578	313814094	BF	months	hours	0.000000	0.000500	0.736237	0.000000
rationalPower1,2,4,1	3578	313814094	BF	months	days	0.000000	0.000500	0.090982	0.000000
rationalPower1,2,4,1	3578	313814094	BF	months	months	0.000000	0.001000	0.020518	0.000000
rationalPower1,2,4,1	3578	313814094	BF	years	seconds	1.000000	0.000000	1.000000	0.000000
rationalPower1,2,8,1	5722	313814094	BF	subsecond	seconds	0.067797	0.000500	0.116569	0.000000
rationalPower1,2,8,1	5722	313814094	BF	subsecond	minutes	0.000000	0.000500	0.036515	0.000000
rationalPower1,2,8,1	5722	313814094	BF	subsecond	hours	0.000000	0.000500	0.015409	0.000000
rationalPower1,2,8,1	5722	313814094	BF	subsecond	days	0.000000	0.001500	0.012607	0.000000
rationalPower1,2,8,1	5722	313814094	BF	subsecond	months	0.000000	0.003000	0.010681	0.000000
rationalPower1,2,8,1	5722	313814094	BF	subsecond	years	0.000000	0.000000	0.010000	0.000000
rationalPower1,2,8,1	5722	313814094	BF	seconds	seconds	0.031600	0.000500	0.268168	0.000000
rationalPower1,2,8,1	5722	313814094	BF	seconds	minutes	0.000000	0.000500	0.034307	0.000000
rationalPower1,2,8,1	5722	313814094	BF	seconds	hours	0.000000	0.000500	0.016979	0.000000
rationalPower1,2,8,1	5722	313814094	BF	seconds	days	0.000000	0.000500	0.012109	0.000000
rationalPower1,2,8,1	5722	313814094	BF	seconds	months	0.000000	0.001500	0.010677	0.000000
rationalPower1,2,8,1	5722	313814094	BF	seconds	years	0.000000	0.002000	0.010000	0.000000
rationalPower1,2,8,1	5722	313814094	BF	minutes	seconds	0.147371	0.000500	0.903783	0.000000
rationalPower1,2,8,1	5722	313814094	BF	minutes	minutes	0.000000	0.000500	0.119496	0.000000
rationalPower1,2,8,1	5722	313814094	BF	minutes	hours	0.000000	0.000500	0.019082	0.000000
rationalPower1,2,8,1	5722	313814094	BF	minutes	days	0.000000	0.000500	0.012162	0.000000
rationalPower1,2,8,1	5722	313814094	BF	minutes	months	0.000000	0.002000	0.010624	0.000000
rationalPower1,2,8,1	5722	313814094	BF	hours	seconds	0.178335	0.000500	0.989848	0.000000
rationalPower1,2,8,1	5722	313814094	BF	hours	minutes	0.000000	0.000500	0.483696	0.000000
rationalPower1,2,8,1	5722	313814094	BF	hours	hours	0.000000	0.000500	0.041275	0.000000
rationalPower1,2,8,1	5722	313814094	BF	hours	days	0.000000	0.000500	0.012636	0.000000
rationalPower1,2,8,1	5722	313814094	BF	hours	months	0.000000	0.001500	0.010878	0.000000
rationalPower1,2,8,1	5722	313814094	BF	days	seconds	0.171245	0.000500	0.998727	0.000000
rationalPower1,2,8,1	5722	313814094	BF	days	minutes	0.000000	0.000500	0.912115	0.000000
rationalPower1,2,8,1	5722	313814094	BF	days	hours	0.000000	0.000500	0.262657	0.000000
rationalPower1,2,8,1	5722	313814094	BF	days	days	0.000000	0.000500	0.022211	0.000000
rationalPower1,2,8,1	5722	313814094	BF	days	months	0.000000	0.001500	0.011403	0.000000
rationalPower1,2,8,1	5722	313814094	BF	months	seconds	0.177196	0.000500	0.999774	0.000000
rationalPower1,2,8,1	5722	313814094	BF	months	minutes	0.000000	0.000500	0.981133	0.000000
rationalPower1,2,8,1	5722	313814094	BF	months	hours	0.000000	0.000500	0.637962	0.000000
rationalPower1,2,8,1	5722	313814094	BF	months	days	0.000000	0.000500	0.071096	0.000000
rationalPower1,2,8,1	5722	313814094	BF	months	months	0.000000	0.001500	0.014568	0.000000
rationalPower1,2,8,1	5722	313814094	BF	years	seconds	1.000000	0.000000	1.000000	0.000000
rationalPower1,2,16,1	9024	313814094	BF	subsecond	seconds	0.050847	0.000500	0.076814	0.000000
rationalPower1,2,16,1	9024	313814094	BF	subsecond	minutes	0.000000	0.000500	0.025220	0.000000
rationalPower1,2,16,1	9024	313814094	BF	subsecond	hours	0.000000	0.000000	0.013371	0.000000
rationalPower1,2,16,1	9024	313814094	BF	subsecond	days	0.000000	0.000500	0.011657	0.000000
rationalPower1,2,16,1	9024	313814094	BF	subsecond	months	0.000000	0.000000	0.010553	0.000000
rationalPower1,2,16,1	9024	313814094	BF	subsecond	years	0.000000	0.001000	0.010000	0.000000
rationalPower1,2,16,1	9024	313814094	BF	seconds	seconds	0.027578	0.000500	0.171908	0.000000
rationalPower1,2,16,1	9024	313814094	BF	seconds	minutes	0.000000	0.000500	0.025621	0.000000
rationalPower1,2,16,1	9024	313814094	BF	seconds	hours	0.000000	0.000500	0.014310	0.000000
rationalPower1,2,16,1	9024	313814094	BF	seconds	days	0.000000	0.001500	0.011418	0.000000
rationalPower1,2,16,1	9024	313814094	BF	seconds	months	0.000000	0.001500	0.010541	0.000000
rationalPower1,2,16,1	9024	313814094	BF	seconds	years	0.000000	0.001000	0.010000	0.000000
rationalPower1,2,16,1	9024	313814094	BF	minutes	seconds	0.126400	0.000500	0.846470	0.000000
rationalPower1,2,16,1	9024	313814094	BF	minutes	minutes	0.000000	0.000500	0.087010	0.000000
rationalPower1,2,16,1	9024	313814094	BF	minutes	hours	0.000000	0.000500	0.015619	0.000000
rationalPower1,2,16,1	9024	313814094	BF	minutes	days	0.000000	0.001500	0.011358	0.000000
rationalPower1,2,16,1	9024	313814094	BF	minutes	months	0.000000	0.001500	0.010456	0.000000
rationalPower1,2,16,1	9024	313814094	BF	hours	seconds	0.177598	0.000500	0.980796	0.000000
rationalPower1,2,16,1	9024	313814094	BF	hours	minutes	0.000000	0.000500	0.412900	0.000000
rationalPower1,2,16,1	9024	313814094	BF	hours	hours	0.000000	0.000500	0.033942	0.000000
rationalPower1,2,16,1	9024	313814094	BF	hours	days	0.000000	0.000500	0.011634	0.000000
rationalPower1,2,16,1	9024	313814094	BF	hours	months	0.000000	0.002500	0.010635	0.000000
rationalPower1,2,16,1	9024	313814094	BF	days	seconds	0.171245	0.000500	0.998035	0.000000
rationalPower1,2,16,1	9024	313814094	BF	days	minutes	0.000000	0.000500	0.853037	0.000000
rationalPower1,2,16,1	9024	313814094	BF	days	hours	0.000000	0.000500	0.177220	0.000000
rationalPower1,2,16,1	9024	313814094	BF	days	days	0.000000	0.000500	0.017200	0.000000
rationalPower1,2,16,1	9024	313814094	BF	days	months	0.000000	0.001500	0.010834	0.000000
rationalPower1,2,16,1	9024	313814094	BF	months	seconds	0.177196	0.000500	0.999664	0.000000
rationalPower1,2,16,1	9024	313814094	BF	months	minutes	0.000000	0.000000	0.972374	0.000000
rationalPower1,2,16,1	9024	313814094	BF	months	hours	0.000000	0.000500	0.510447	0.000000
rationalPower1,2,16,1	9024	313814094	BF	months	days	0.000000	0.000500	0.044887	0.000000
rationalPower1,2,16,1	9024	313814094	BF	months	months	0.000000	0.000500	0.014001	0.000000
rationalPower1,2,16,1	9024	313814094	BF	years	seconds	1.000000	0.000000	1.000000	0.000000
rationalPower1,2,32,1	13896	313814094	BF	subsecond	seconds	0.084746	0.000000	0.050367	0.000000
rationalPower1,2,32,1	13896	313814094	BF	subsecond	minutes	0.000000	0.000000	0.019233	0.000000
rationalPower1,2,32,1	13896	313814094	BF	subsecond	hours	0.000000	0.000500	0.012508	0.000000
rationalPower1,2,32,1	13896	313814094	BF	subsecond	days	0.000000	0.001000	0.010785	0.000000
rationalPower1,2,32,1	13896	313814094	BF	subsecond	months	0.000000	0.001000	0.010290	0.000000
rationalPower1,2,32,1	13896	313814094	BF	subsecond	years	0.000000	0.000000	0.010000	0.000000
rationalPower1,2,32,1	13896	313814094	BF	seconds	seconds	0.025280	0.000500	0.139381	0.000000
rationalPower1,2,32,1	13896	313814094	BF	seconds	minutes	0.000000	0.000500	0.020821	0.000000
rationalPower1,2,32,1	13896	313814094	BF	seconds	hours	0.000000	0.000500	0.012481	0.000000
rationalPower1,2,32,1	13896	313814094	BF	seconds	days	0.000000	0.003000	0.010822	0.000000
rationalPower1,2,32,1	13896	313814094	BF	seconds	months	0.000000	0.001999	0.010278	0.000000
rationalPower1,2,32,1	13896	313814094	BF	seconds	years	0.000000	0.000000	0.010000	0.000000
rationalPower1,2,32,1	13896	313814094	BF	minutes	seconds	0.092789	0.000500	0.726601	0.000000
rationalPower1,2,32,1	13896	313814094	BF	minutes	minutes	0.000000	0.000500	0.052159	0.000000
rationalPower1,2,32,1	13896	313814094	BF	minutes	hours	0.000000	0.000500	0.013560	0.000000
rationalPower1,2,32,1	13896	313814094	BF	minutes	days	0.000000	0.001000	0.010923	0.000000
rationalPower1,2,32,1	13896	313814094	BF	minutes	months	0.000000	0.001500	0.010347	0.000000
rationalPower1,2,32,1	13896	313814094	BF	hours	seconds	0.174650	0.000500	0.977445	0.000000
rationalPower1,2,32,1	13896	313814094	BF	hours	minutes	0.000000	0.000500	0.335433	0.000000
rationalPower1,2,32,1	13896	313814094	BF	hours	hours	0.000000	0.000500	0.028749	0.000000
rationalPower1,2,32,1	13896	313814094	BF	hours	days	0.000000	0.000500	0.011271	0.000000
rationalPower1,2,32,1	13896	313814094	BF	hours	months	0.000000	0.002000	0.010350	0.000000
rationalPower1,2,32,1	13896	313814094	BF	days	seconds	0.171245	0.000500	0.996622	0.000000
rationalPower1,2,32,1	13896	313814094	BF	days	minutes	0.000000	0.000500	0.776234	0.000000
rationalPower1,2,32,1	13896	313814094	BF	days	hours	0.000000	0.000500	0.129834	0.000000
rationalPower1,2,32,1	13896	313814094	BF	days	days	0.000000	0.000500	0.014406	0.000000
rationalPower1,2,32,1	13896	313814094	BF	days	months	0.000000	0.002000	0.010473	0.000000
rationalPower1,2,32,1	13896	313814094	BF	months	seconds	0.177196	0.000500	0.999471	0.000000
rationalPower1,2,32,1	13896	313814094	BF	months	minutes	0.000000	0.000500	0.956043	0.000000
rationalPower1,2,32,1	13896	313814094	BF	months	hours	0.000000	0.000500	0.443223	0.000000
rationalPower1,2,32,1	13896	313814094	BF	months	days	0.000000	0.000500	0.040033	0.000000
rationalPower1,2,32,1	13896	313814094	BF	months	months	0.000000	0.002000	0.012191	0.000000
rationalPower1,2,32,1	13896	313814094	BF	years	seconds	1.000000	0.000000	1.000000	0.000000
rationalPower1,1,1,1	36385	313814094	BF	subsecond	seconds	0.033898	0.001500	0.087905	0.000000
rationalPower1,1,1,1	36385	313814094	BF	subsecond	minutes	0.000000	0.002500	0.022520	0.000000
rationalPower1,1,1,1	36385	313814094	BF	subsecond	hours	0.000000	0.007499	0.011594	0.000000
rationalPower1,1,1,1	36385	313814094	BF	subsecond	days	0.000000	0.006000	0.010457	0.000000
rationalPower1,1,1,1	36385	313814094	BF	subsecond	months	0.000000	0.004000	0.010085	0.000000
rationalPower1,1,1,1	36385	313814094	BF	subsecond	years	0.000000	0.008000	0.010000	0.000000
rationalPower1,1,1,1	36385	313814094	BF	seconds	seconds	0.033898	0.000500	0.253921	0.000000
rationalPower1,1,1,1	36385	313814094	BF	seconds	minutes	0.000000	0.000500	0.026373	0.000000
rationalPower1,1,1,1	36385	313814094	BF	seconds	hours	0.000000	0.000500	0.012760	0.000000
rationalPower1,1,1,1	36385	313814094	BF	seconds	days	0.000000	0.001499	0.010484	0.000000
rationalPower1,1,1,1	36385	313814094	BF	seconds	months	0.000000	0.002499	0.010082	0.000000
rationalPower1,1,1,1	36385	313814094	BF	seconds	years	0.000000	0.017000	0.010000	0.000000
rationalPower1,1,1,1	36385	313814094	BF	minutes	seconds	0.108302	0.000500	0.779722	0.000000
rationalPower1,1,1,1	36385	313814094	BF	minutes	minutes	0.000000	0.000500	0.068032	0.000000
rationalPower1,1,1,1	36385	313814094	BF	minutes	hours	0.000000	0.001499	0.013779	0.000000
rationalPower1,1,1,1	36385	313814094	BF	minutes	days	0.000000	0.001499	0.010507	0.000000
rationalPower1,1,1,1	36385	313814094	BF	minutes	months	0.000000	0.001500	0.010115	0.000000
rationalPower1,1,1,1	36385	313814094	BF	hours	seconds	0.175387	0.000500	0.963241	0.000000
rationalPower1,1,1,1	36385	313814094	BF	hours	minutes	0.000000	0.000500	0.245744	0.000000
rationalPower1,1,1,1	36385	313814094	BF	hours	hours	0.000000	0.000500	0.021463	0.000000
rationalPower1,1,1,1	36385	313814094	BF	hours	days	0.000000	0.001500	0.010697	0.000000
rationalPower1,1,1,1	36385	313814094	BF	hours	months	0.000000	0.002500	0.010125	0.000000
rationalPower1,1,1,1	36385	313814094	BF	days	seconds	0.171245	0.000500	0.993158	0.000000
rationalPower1,1,1,1	36385	313814094	BF	days	minutes	0.000000	0.000500	0.621282	0.000000
rationalPower1,1,1,1	36385	313814094	BF	days	hours	0.000000	0.000500	0.066888	0.000000
rationalPower1,1,1,1	36385	313814094	BF	days	days	0.000000	0.001499	0.012167	0.000000
rationalPower1,1,1,1	36385	313814094	BF	days	months	0.000000	0.001500	0.010198	0.000000
rationalPower1,1,1,1	36385	313814094	BF	months	seconds	0.177196	0.000500	0.998107	0.000000
rationalPower1,1,1,1	36385	313814094	BF	months	minutes	0.000000	0.000500	0.857120	0.000000
rationalPower1,1,1,1	36385	313814094	BF	months	hours	0.000000	0.001499	0.212158	0.000000
rationalPower1,1,1,1	36385	313814094	BF	months	days	0.000000	0.001499	0.018213	0.000000
rationalPower1,1,1,1	36385	313814094	BF	months	months	0.000000	0.002500	0.010610	0.000000
rationalPower1,1,1,1	36385	313814094	BF	years	seconds	1.000000	0.017000	1.000000	0.000000
rationalPower1,1,2,1	51265	313814094	BF	subsecond	seconds	0.084746	0.001000	0.073201	0.000000
rationalPower1,1,2,1	51265	313814094	BF	subsecond	minutes	0.000000	0.000000	0.019553	0.000000
rationalPower1,1,2,1	51265	313814094	BF	subsecond	hours	0.000000	0.001500	0.011520	0.000000
rationalPower1,1,2,1	51265	313814094	BF	subsecond	days	0.000000	0.001000	0.010342	0.000000
rationalPower1,1,2,1	51265	313814094	BF	subsecond	months	0.000000	0.002000	0.010088	0.000000
rationalPower1,1,2,1	51265	313814094	BF	subsecond	years	0.000000	0.002000	0.010000	0.000000
rationalPower1,1,2,1	51265	313814094	BF	seconds	seconds	0.024418	0.000500	0.193799	0.000000
rationalPower1,1,2,1	51265	313814094	BF	seconds	minutes	0.000000	0.000500	0.022837	0.000000
rationalPower1,1,2,1	51265	313814094	BF	seconds	hours	0.000000	0.001500	0.012013	0.000000
rationalPower1,1,2,1	51265	313814094	BF	seconds	days	0.000000	0.001499	0.010242	0.000000
rationalPower1,1,2,1	51265	313814094	BF	seconds	months	0.000000	0.001499	0.010085	0.000000
rationalPower1,1,2,1	51265	313814094	BF	seconds	years	0.000000	0.002000	0.010000	0.000000
rationalPower1,1,2,1	51265	313814094	BF	minutes	seconds	0.093939	0.000500	0.727550	0.000000
rationalPower1,1,2,1	51265	313814094	BF	minutes	minutes	0.000000	0.001500	0.052281	0.000000
rationalPower1,1,2,1	51265	313814094	BF	minutes	hours	0.000000	0.001500	0.012760	0.000000
rationalPower1,1,2,1	51265	313814094	BF	minutes	days	0.000000	0.001500	0.010335	0.000000
rationalPower1,1,2,1	51265	313814094	BF	minutes	months	0.000000	0.001500	0.010081	0.000000
rationalPower1,1,2,1	51265	313814094	BF	hours	seconds	0.170228	0.001500	0.943933	0.000000
rationalPower1,1,2,1	51265	313814094	BF	hours	minutes	0.000000	0.001500	0.173224	0.000000
rationalPower1,1,2,1	51265	313814094	BF	hours	hours	0.000000	0.000500	0.017990	0.000000
rationalPower1,1,2,1	51265	313814094	BF	hours	days	0.000000	0.002499	0.010450	0.000000
rationalPower1,1,2,1	51265	313814094	BF	hours	months	0.000000	0.001500	0.010102	0.000000
rationalPower1,1,2,1	51265	313814094	BF	days	seconds	0.171245	0.001500	0.990199	0.000000
rationalPower1,1,2,1	51265	313814094	BF	days	minutes	0.000000	0.000500	0.554754	0.000000
rationalPower1,1,2,1	51265	313814094	BF	days	hours	0.000000	0.001500	0.052372	0.000000
rationalPower1,1,2,1	51265	313814094	BF	days	days	0.000000	0.001500	0.011597	0.000000
rationalPower1,1,2,1	51265	313814094	BF	days	months	0.000000	0.003000	0.010151	0.000000
rationalPower1,1,2,1	51265	313814094	BF	months	seconds	0.177196	0.000500	0.997329	0.000000
rationalPower1,1,2,1	51265	313814094	BF	months	minutes	0.000000	0.001500	0.841584	0.000000
rationalPower1,1,2,1	51265	313814094	BF	months	hours	0.000000	0.001500	0.156312	0.000000
rationalPower1,1,2,1	51265	313814094	BF	months	days	0.000000	0.001500	0.016458	0.000000
rationalPower1,1,2,1	51265	313814094	BF	months	months	0.000000	0.001500	0.010534	0.000000
rationalPower1,1,2,1	51265	313814094	BF	years	seconds	1.000000	0.000000	0.999999	0.000000
rationalPower1,1,4,1	72711	313814094	BF	subsecond	seconds	0.084746	0.000000	0.056308	0.000000
rationalPower1,1,4,1	72711	313814094	BF	subsecond	minutes	0.000000	0.000500	0.018826	0.000000
rationalPower1,1,4,1	72711	313814094	BF	subsecond	hours	0.000000	0.003500	0.012253	0.000000
rationalPower1,1,4,1	72711	313814094	BF	subsecond	days	0.000000	0.001000	0.010225	0.000000
rationalPower1,1,4,1	72711	313814094	BF	subsecond	months	0.000000	0.001000	0.010064	0.000000
rationalPower1,1,4,1	72711	313814094	BF	subsecond	years	0.000000	0.001000	0.010000	0.000000
rationalPower1,1,4,1	72711	313814094	BF	seconds	seconds	0.021546	0.000500	0.139041	0.000000
rationalPower1,1,4,1	72711	313814094	BF	seconds	minutes	0.000000	0.000500	0.018804	0.000000
rationalPower1,1,4,1	72711	313814094	BF	seconds	hours	0.000000	0.000500	0.011382	0.000000
rationalPower1,1,4,1	72711	313814094	BF	seconds	days	0.000000	0.002000	0.010208	0.000000
rationalPower1,1,4,1	72711	313814094	BF	seconds	months	0.000000	0.001486	0.010059	0.000000
rationalPower1,1,4,1	72711	313814094	BF	seconds	years	0.000000	0.001000	0.010000	0.000000
rationalPower1,1,4,1	72711	313814094	BF	minutes	seconds	0.076702	0.000500	0.600853	0.000000
rationalPower1,1,4,1	72711	313814094	BF	minutes	minutes	0.000000	0.000500	0.042914	0.000000
rationalPower1,1,4,1	72711	313814094	BF	minutes	hours	0.000000	0.000500	0.011896	0.000000
rationalPower1,1,4,1	72711	313814094	BF	minutes	days	0.000000	0.001499	0.010230	0.000000
rationalPower1,1,4,1	72711	313814094	BF	minutes	months	0.000000	0.001500	0.010059	0.000000
rationalPower1,1,4,1	72711	313814094	BF	hours	seconds	0.157701	0.000500	0.930834	0.000000
rationalPower1,1,4,1	72711	313814094	BF	hours	minutes	0.000000	0.001494	0.164710	0.000000
rationalPower1,1,4,1	72711	313814094	BF	hours	hours	0.000000	0.001500	0.015907	0.000000
rationalPower1,1,4,1	72711	313814094	BF	hours	days	0.000000	0.001500	0.010364	0.000000
rationalPower1,1,4,1	72711	313814094	BF	hours	months	0.000000	0.090991	0.010071	0.000000
rationalPower1,1,4,1	72711	313814094	BF	days	seconds	0.171245	0.000500	0.986568	0.000000
rationalPower1,1,4,1	72711	313814094	BF	days	minutes	0.000000	0.000495	0.419992	0.000000
rationalPower1,1,4,1	72711	313814094	BF	days	hours	0.000000	0.000500	0.034072	0.000000
rationalPower1,1,4,1	72711	313814094	BF	days	days	0.000000	0.001500	0.011087	0.000000
rationalPower1,1,4,1	72711	313814094	BF	days	months	0.000000	0.001500	0.010084	0.000000
rationalPower1,1,4,1	72711	313814094	BF	months	seconds	0.177196	0.000500	0.995419	0.000000
rationalPower1,1,4,1	72711	313814094	BF	months	minutes	0.000000	0.000500	0.767039	0.000000
rationalPower1,1,4,1	72711	313814094	BF	months	hours	0.000000	0.001486	0.107705	0.000000
rationalPower1,1,4,1	72711	313814094	BF	months	days	0.000000	0.001500	0.013542	0.000000
rationalPower1,1,4,1	72711	313814094	BF	months	months	0.000000	0.001500	0.010312	0.000000
rationalPower1,1,4,1	72711	313814094	BF	years	seconds	1.000000	0.000000	0.999999	0.000000
rationalPower1,1,8,1	102483	313814094	BF	subsecond	seconds	0.067797	0.000500	0.052793	0.000000
rationalPower1,1,8,1	102483	313814094	BF	subsecond	minutes	0.000000	0.000000	0.015405	0.000000
rationalPower1,1,8,1	102483	313814094	BF	subsecond	hours	0.000000	0.000500	0.011198	0.000000
rationalPower1,1,8,1	102483	313814094	BF	subsecond	days	0.000000	0.001500	0.010210	0.000000
rationalPower1,1,8,1	102483	313814094	BF	subsecond	months	0.000000	0.002000	0.010050	0.000000
rationalPower1,1,8,1	102483	313814094	BF	subsecond	years	0.000000	0.002000	0.010000	0.000000
rationalPower1,1,8,1	102483	313814094	BF	seconds	seconds	0.027291	0.000500	0.094150	0.000000
rationalPower1,1,8,1	102483	313814094	BF	seconds	minutes	0.000000	0.000500	0.016769	0.000000
rationalPower1,1,8,1	102483	313814094	BF	seconds	hours	0.000000	0.000500	0.010980	0.000000
rationalPower1,1,8,1	102483	313814094	BF	seconds	days	0.000000	0.003000	0.010153	0.000000
rationalPower1,1,8,1	102483	313814094	BF	seconds	months	0.000000	0.003500	0.010038	0.000000
rationalPower1,1,8,1	102483	313814094	BF	seconds	years	0.000000	0.001000	0.010000	0.000000
rationalPower1,1,8,1	102483	313814094	BF	minutes	seconds	0.067222	0.000500	0.541282	0.000000
rationalPower1,1,8,1	102483	313814094	BF	minutes	minutes	0.000000	0.000500	0.034602	0.000000
rationalPower1,1,8,1	102483	313814094	BF	minutes	hours	0.000000	0.000500	0.011382	0.000000
rationalPower1,1,8,1	102483	313814094	BF	minutes	days	0.000000	0.002000	0.010168	0.000000
rationalPower1,1,8,1	102483	313814094	BF	minutes	months	0.000000	0.002500	0.010041	0.000000
rationalPower1,1,8,1	102483	313814094	BF	hours	seconds	0.153279	0.000500	0.893870	0.000000
rationalPower1,1,8,1	102483	313814094	BF	hours	minutes	0.000000	0.000500	0.114177	0.000000
rationalPower1,1,8,1	102483	313814094	BF	hours	hours	0.000000	0.000500	0.013955	0.000000
rationalPower1,1,8,1	102483	313814094	BF	hours	days	0.000000	0.001000	0.010234	0.000000
rationalPower1,1,8,1	102483	313814094	BF	hours	months	0.000000	0.001500	0.010047	0.000000
rationalPower1,1,8,1	102483	313814094	BF	days	seconds	0.170660	0.000500	0.980796	0.000000
rationalPower1,1,8,1	102483	313814094	BF	days	minutes	0.000000	0.000500	0.354008	0.000000
rationalPower1,1,8,1	102483	313814094	BF	days	hours	0.000000	0.000500	0.028104	0.000000
rationalPower1,1,8,1	102483	313814094	BF	days	days	0.000000	0.005000	0.010820	0.000000
rationalPower1,1,8,1	102483	313814094	BF	days	months	0.000000	0.005500	0.010063	0.000000
rationalPower1,1,8,1	102483	313814094	BF	months	seconds	0.177196	0.000500	0.994337	0.000000
rationalPower1,1,8,1	102483	313814094	BF	months	minutes	0.000000	0.000500	0.648078	0.000000
rationalPower1,1,8,1	102483	313814094	BF	months	hours	0.000000	0.000500	0.070947	0.000000
rationalPower1,1,8,1	102483	313814094	BF	months	days	0.000000	0.000500	0.012218	0.000000
rationalPower1,1,8,1	102483	313814094	BF	months	months	0.000000	0.001000	0.010223	0.000000
rationalPower1,1,8,1	102483	313814094	BF	years	seconds	1.000000	0.000000	0.999998	0.000000
rationalPower1,1,16,1	145353	313814094	BF	subsecond	seconds	0.101695	0.000500	0.041302	0.000000
rationalPower1,1,16,1	145353	313814094	BF	subsecond	minutes	0.000000	0.000500	0.013162	0.000000
rationalPower1,1,16,1	145353	313814094	BF	subsecond	hours	0.000000	0.000500	0.011073	0.000000
rationalPower1,1,16,1	145353	313814094	BF	subsecond	days	0.000000	0.001000	0.010118	0.000000
rationalPower1,1,16,1	145353	313814094	BF	subsecond	months	0.000000	0.017999	0.010028	0.000000
rationalPower1,1,16,1	145353	313814094	BF	subsecond	years	0.000000	0.004000	0.010000	0.000000
rationalPower1,1,16,1	145353	313814094	BF	seconds	seconds	0.036484	0.000500	0.077817	0.000000
rationalPower1,1,16,1	145353	313814094	BF	seconds	minutes	0.000000	0.000500	0.015083	0.000000
rationalPower1,1,16,1	145353	313814094	BF	seconds	hours	0.000000	0.001000	0.010690	0.000000
rationalPower1,1,16,1	145353	313814094	BF	seconds	days	0.000000	0.001499	0.010103	0.000000
rationalPower1,1,16,1	145353	313814094	BF	seconds	months	0.000000	0.005497	0.010024	0.000000
rationalPower1,1,16,1	145353	313814094	BF	seconds	years	0.000000	0.004000	0.010000	0.000000
rationalPower1,1,16,1	145353	313814094	BF	minutes	seconds	0.052284	0.000500	0.397084	0.000000
rationalPower1,1,16,1	145353	313814094	BF	minutes	minutes	0.000000	0.000500	0.028412	0.000000
rationalPower1,1,16,1	145353	313814094	BF	minutes	hours	0.000000	0.002500	0.010960	0.000000
rationalPower1,1,16,1	145353	313814094	BF	minutes	days	0.000000	0.001500	0.010112	0.000000
rationalPower1,1,16,1	145353	313814094	BF	minutes	months	0.000000	0.005499	0.010030	0.000000
rationalPower1,1,16,1	145353	313814094	BF	hours	seconds	0.136330	0.000500	0.857821	0.000000
rationalPower1,1,16,1	145353	313814094	BF	hours	minutes	0.000000	0.000500	0.088673	0.000000
rationalPower1,1,16,1	145353	313814094	BF	hours	hours	0.000000	0.001000	0.012828	0.000000
rationalPower1,1,16,1	145353	313814094	BF	hours	days	0.000000	0.001500	0.010176	0.000000
rationalPower1,1,16,1	145353	313814094	BF	hours	months	0.000000	0.016499	0.010036	0.000000
rationalPower1,1,16,1	145353	313814094	BF	days	seconds	0.170660	0.000500	0.972494	0.000000
rationalPower1,1,16,1	145353	313814094	BF	days	minutes	0.000000	0.000500	0.280893	0.000000
rationalPower1,1,16,1	145353	313814094	BF	days	hours	0.000000	0.000500	0.023899	0.000000
rationalPower1,1,16,1	145353	313814094	BF	days	days	0.000000	0.005999	0.010547	0.000000
rationalPower1,1,16,1	145353	313814094	BF	days	months	0.000000	0.005500	0.010042	0.000000
rationalPower1,1,16,1	145353	313814094	BF	months	seconds	0.177196	0.000500	0.991602	0.000000
rationalPower1,1,16,1	145353	313814094	BF	months	minutes	0.000000	0.000500	0.579917	0.000000
rationalPower1,1,16,1	145353	313814094	BF	months	hours	0.000000	0.000500	0.067805	0.000000
rationalPower1,1,16,1	145353	313814094	BF	months	days	0.000000	0.012498	0.011795	0.000000
rationalPower1,1,16,1	145353	313814094	BF	months	months	0.000000	0.008000	0.010151	0.000000
rationalPower1,1,16,1	145353	313814094	BF	years	seconds	1.000000	0.000000	0.999998	0.000000
rationalPower1,1,32,1	204829	313814094	BF	subsecond	seconds	0.135593	0.000500	0.039654	0.000000
rationalPower1,1,32,1	204829	313814094	BF	subsecond	minutes	0.000000	0.000500	0.011952	0.000000
rationalPower1,1,32,1	204829	313814094	BF	subsecond	hours	0.000000	0.001000	0.010482	0.000000
rationalPower1,1,32,1	204829	313814094	BF	subsecond	days	0.000000	0.001000	0.010072	0.000000
rationalPower1,1,32,1	204829	313814094	BF	subsecond	months	0.000000	0.002000	0.010015	0.000000
rationalPower1,1,32,1	204829	313814094	BF	subsecond	years	0.000000	0.011000	0.010000	0.000000
rationalPower1,1,32,1	204829	313814094	BF	seconds	seconds	0.073255	0.000500	0.051972	0.000000
rationalPower1,1,32,1	204829	313814094	BF	seconds	minutes	0.000287	0.000500	0.013560	0.000000
rationalPower1,1,32,1	204829	313814094	BF	seconds	hours	0.000000	0.001000	0.010496	0.000000
rationalPower1,1,32,1	204829	313814094	BF	seconds	days	0.000000	0.001500	0.010075	0.000000
rationalPower1,1,32,1	204829	313814094	BF	seconds	months	0.000000	0.004500	0.010021	0.000000
rationalPower1,1,32,1	204829	313814094	BF	seconds	years	0.000000	0.019000	0.010000	0.000000
rationalPower1,1,32,1	204829	313814094	BF	minutes	seconds	0.042229	0.000500	0.294480	0.000000
rationalPower1,1,32,1	204829	313814094	BF	minutes	minutes	0.000000	0.000500	0.021388	0.000000
rationalPower1,1,32,1	204829	313814094	BF	minutes	hours	0.000000	0.001499	0.010620	0.000000
rationalPower1,1,32,1	204829	313814094	BF	minutes	days	0.000000	0.001500	0.010079	0.000000
rationalPower1,1,32,1	204829	313814094	BF	minutes	months	0.000000	0.004499	0.010021	0.000000
rationalPower1,1,32,1	204829	313814094	BF	hours	seconds	0.113486	0.000500	0.779203	0.000000
rationalPower1,1,32,1	204829	313814094	BF	hours	minutes	0.000000	0.000500	0.059608	0.000000
rationalPower1,1,32,1	204829	313814094	BF	hours	hours	0.000000	0.000500	0.011915	0.000000
rationalPower1,1,32,1	204829	313814094	BF	hours	days	0.000000	0.001499	0.010110	0.000000
rationalPower1,1,32,1	204829	313814094	BF	hours	months	0.000000	0.004500	0.010022	0.000000
rationalPower1,1,32,1	204829	313814094	BF	days	seconds	0.168907	0.000500	0.964792	0.000000
rationalPower1,1,32,1	204829	313814094	BF	days	minutes	0.000000	0.000500	0.237297	0.000000
rationalPower1,1,32,1	204829	313814094	BF	days	hours	0.000000	0.000500	0.020167	0.000000
rationalPower1,1,32,1	204829	313814094	BF	days	days	0.000000	0.001000	0.010382	0.000000
rationalPower1,1,32,1	204829	313814094	BF	days	months	0.000000	0.003500	0.010034	0.000000
rationalPower1,1,32,1	204829	313814094	BF	months	seconds	0.177196	0.000500	0.987691	0.000000
rationalPower1,1,32,1	204829	313814094	BF	months	minutes	0.000000	0.000500	0.516580	0.000000
rationalPower1,1,32,1	204829	313814094	BF	months	hours	0.000000	0.000500	0.044309	0.000000
rationalPower1,1,32,1	204829	313814094	BF	months	days	0.000000	0.001000	0.011286	0.000000
rationalPower1,1,32,1	204829	313814094	BF	months	months	0.000000	0.002500	0.010103	0.000000
rationalPower1,1,32,1	204829	313814094	BF	years	seconds	1.000000	0.000000	0.999996	0.000000
rationalPower1,1,64,1	290491	313814094	BF	subsecond	seconds	0.203390	0.001000	0.028671	0.000000
rationalPower1,1,64,1	290491	313814094	BF	subsecond	minutes	0.000000	0.005500	0.012023	0.000000
rationalPower1,1,64,1	290491	313814094	BF	subsecond	hours	0.000000	0.001000	0.010322	0.000000
rationalPower1,1,64,1	290491	313814094	BF	subsecond	days	0.000000	0.005000	0.010055	0.000000
rationalPower1,1,64,1	290491	313814094	BF	subsecond	months	0.000000	0.018999	0.010011	0.000000
rationalPower1,1,64,1	290491	313814094	BF	subsecond	years	0.000000	0.037000	0.010000	0.000000
rationalPower1,1,64,1	290491	313814094	BF	seconds	seconds	0.113186	0.000500	0.044833	0.000000
rationalPower1,1,64,1	290491	313814094	BF	seconds	minutes	0.000287	0.001500	0.012688	0.000000
rationalPower1,1,64,1	290491	313814094	BF	seconds	hours	0.000000	0.002000	0.010362	0.000000
rationalPower1,1,64,1	290491	313814094	BF	seconds	days	0.000000	0.004500	0.010053	0.000000
rationalPower1,1,64,1	290491	313814094	BF	seconds	months	0.000000	0.020499	0.010015	0.000000
rationalPower1,1,64,1	290491	313814094	BF	seconds	years	0.000000	0.033000	0.010000	0.000000
rationalPower1,1,64,1	290491	313814094	BF	minutes	seconds	0.031313	0.000500	0.212383	0.000000
rationalPower1,1,64,1	290491	313814094	BF	minutes	minutes	0.000000	0.000500	0.018798	0.000000
rationalPower1,1,64,1	290491	313814094	BF	minutes	hours	0.000000	0.002000	0.010498	0.000000
rationalPower1,1,64,1	290491	313814094	BF	minutes	days	0.000000	0.004500	0.010058	0.000000
rationalPower1,1,64,1	290491	313814094	BF	minutes	months	0.000000	0.021498	0.010015	0.000000
rationalPower1,1,64,1	290491	313814094	BF	hours	seconds	0.092115	0.000500	0.676601	0.000000
rationalPower1,1,64,1	290491	313814094	BF	hours	minutes	0.000000	0.000500	0.043496	0.000000
rationalPower1,1,64,1	290491	313814094	BF	hours	hours	0.000000	0.002000	0.011400	0.000000
rationalPower1,1,64,1	290491	313814094	BF	hours	days	0.000000	0.005499	0.010079	0.000000
rationalPower1,1,64,1	290491	313814094	BF	hours	months	0.000000	0.021499	0.010017	0.000000
rationalPower1,1,64,1	290491	313814094	BF	days	seconds	0.161309	0.000500	0.945189	0.000000
rationalPower1,1,64,1	290491	313814094	BF	days	minutes	0.000000	0.000500	0.172006	0.000000
rationalPower1,1,64,1	290491	313814094	BF	days	hours	0.000000	0.000500	0.016496	0.000000
rationalPower1,1,64,1	290491	313814094	BF	days	days	0.000000	0.002499	0.010259	0.000000
rationalPower1,1,64,1	290491	313814094	BF	days	months	0.000000	0.020498	0.010022	0.000000
rationalPower1,1,64,1	290491	313814094	BF	months	seconds	0.174114	0.000500	0.984495	0.000000
rationalPower1,1,64,1	290491	313814094	BF	months	minutes	0.000000	0.000500	0.448259	0.000000
rationalPower1,1,64,1	290491	313814094	BF	months	hours	0.000000	0.000500	0.045112	0.000000
rationalPower1,1,64,1	290491	313814094	BF	months	days	0.000000	0.001499	0.011053	0.000000
rationalPower1,1,64,1	290491	313814094	BF	months	months	0.000000	0.015500	0.010077	0.000000
rationalPower1,1,64,1	290491	313814094	BF	years	seconds	1.000000	0.000000	0.999995	0.000000
rationalPower1,1,128,1	409466	313814094	BF	subsecond	seconds	0.305085	0.001000	0.028671	0.000000
rationalPower1,1,128,1	409466	313814094	BF	subsecond	minutes	0.000000	0.001000	0.011517	0.000000
rationalPower1,1,128,1	409466	313814094	BF	subsecond	hours	0.000000	0.001000	0.010130	0.000000
rationalPower1,1,128,1	409466	313814094	BF	subsecond	days	0.000000	0.002000	0.010029	0.000000
rationalPower1,1,128,1	409466	313814094	BF	subsecond	months	0.000000	0.024999	0.010012	0.000000
rationalPower1,1,128,1	409466	313814094	BF	subsecond	years	0.000000	0.023000	0.010000	0.000000
rationalPower1,1,128,1	409466	313814094	BF	seconds	seconds	0.213157	0.001500	0.034969	0.000000
rationalPower1,1,128,1	409466	313814094	BF	seconds	minutes	0.001724	0.001000	0.011955	0.000000
rationalPower1,1,128,1	409466	313814094	BF	seconds	hours	0.000000	0.008999	0.010252	0.000000
rationalPower1,1,128,1	409466	313814094	BF	seconds	days	0.000000	0.003499	0.010040	0.000000
rationalPower1,1,128,1	409466	313814094	BF	seconds	months	0.000000	0.009499	0.010010	0.000000
rationalPower1,1,128,1	409466	313814094	BF	seconds	years	0.000000	0.018000	0.010000	0.000000
rationalPower1,1,128,1	409466	313814094	BF	minutes	seconds	0.032175	0.000500	0.173373	0.000000
rationalPower1,1,128,1	409466	313814094	BF	minutes	minutes	0.000287	0.000500	0.016338	0.000000
rationalPower1,1,128,1	409466	313814094	BF	minutes	hours	0.000000	0.001500	0.010339	0.000000
rationalPower1,1,128,1	409466	313814094	BF	minutes	days	0.000000	0.002500	0.010040	0.000000
rationalPower1,1,128,1	409466	313814094	BF	minutes	months	0.000000	0.008500	0.010011	0.000000
rationalPower1,1,128,1	409466	313814094	BF	hours	seconds	0.072218	0.000500	0.566229	0.000000
rationalPower1,1,128,1	409466	313814094	BF	hours	minutes	0.000000	0.000500	0.037367	0.000000
rationalPower1,1,128,1	409466	313814094	BF	hours	hours	0.000000	0.001000	0.010874	0.000000
rationalPower1,1,128,1	409466	313814094	BF	hours	days	0.000000	0.002500	0.010063	0.000000
rationalPower1,1,128,1	409466	313814094	BF	hours	months	0.000000	0.008499	0.010012	0.000000
rationalPower1,1,128,1	409466	313814094	BF	days	seconds	0.157218	0.000500	0.929334	0.000000
rationalPower1,1,128,1	409466	313814094	BF	days	minutes	0.000000	0.000500	0.139573	0.000000
rationalPower1,1,128,1	409466	313814094	BF	days	hours	0.000000	0.000500	0.015857	0.000000
rationalPower1,1,128,1	409466	313814094	BF	days	days	0.000000	0.002500	0.010196	0.000000
rationalPower1,1,128,1	409466	313814094	BF	days	months	0.000000	0.008000	0.010018	0.000000
rationalPower1,1,128,1	409466	313814094	BF	months	seconds	0.174114	0.000500	0.978395	0.000000
rationalPower1,1,128,1	409466	313814094	BF	months	minutes	0.000000	0.000500	0.362328	0.000000
rationalPower1,1,128,1	409466	313814094	BF	months	hours	0.000000	0.000500	0.027991	0.000000
rationalPower1,1,128,1	409466	313814094	BF	months	days	0.000000	0.001000	0.010665	0.000000
rationalPower1,1,128,1	409466	313814094	BF	months	months	0.000000	0.011999	0.010050	0.000000
rationalPower1,1,128,1	409466	313814094	BF	years	seconds	1.000000	0.000000	0.999993	0.000000
