#decay	# windows in store	# elements in stream	query	age class	length class	error:mean	latency:mean	ci-width:mean	ci-miss-rate
exponential2	43	313814094	CMS	subsecond	seconds	0.090610	0.000831	0.362701	0.000000
exponential2	43	313814094	CMS	subsecond	minutes	0.017850	0.000746	0.098555	0.000000
exponential2	43	313814094	CMS	subsecond	hours	0.002416	0.007043	0.021895	0.000000
exponential2	43	313814094	CMS	subsecond	days	0.000668	0.000621	0.003509	0.000000
exponential2	43	313814094	CMS	subsecond	months	0.000141	0.016273	0.000999	0.000000
exponential2	43	313814094	CMS	subsecond	years	0.000000	0.081000	0.000000	0.000000
exponential2	43	313814094	CMS	seconds	seconds	0.178617	0.000181	1.084724	0.000000
exponential2	43	313814094	CMS	seconds	minutes	0.021441	0.000225	0.105490	0.000000
exponential2	43	313814094	CMS	seconds	hours	0.004151	0.000207	0.021979	0.000000
exponential2	43	313814094	CMS	seconds	days	0.000750	0.000213	0.003511	0.000000
exponential2	43	313814094	CMS	seconds	months	0.000209	0.000559	0.000999	0.000000
exponential2	43	313814094	CMS	seconds	years	0.000000	0.000000	0.000000	0.000000
exponential2	43	313814094	CMS	minutes	seconds	0.421067	0.000149	1.880034	0.000000
exponential2	43	313814094	CMS	minutes	minutes	0.043306	0.000163	0.218843	0.000000
exponential2	43	313814094	CMS	minutes	hours	0.004383	0.000209	0.022732	0.000000
exponential2	43	313814094	CMS	minutes	days	0.000752	0.000163	0.003615	0.000000
exponential2	43	313814094	CMS	minutes	months	0.000208	0.001011	0.000999	0.000000
exponential2	43	313814094	CMS	hours	seconds	0.420053	0.000580	1.925311	0.000000
exponential2	43	313814094	CMS	hours	minutes	0.075374	0.000337	0.359014	0.000000
exponential2	43	313814094	CMS	hours	hours	0.009163	0.000308	0.044054	0.000000
exponential2	43	313814094	CMS	hours	days	0.000844	0.000586	0.004051	0.000000
exponential2	43	313814094	CMS	hours	months	0.000211	0.001028	0.000993	0.000000
exponential2	43	313814094	CMS	days	seconds	0.455655	0.000455	1.927132	0.000000
exponential2	43	313814094	CMS	days	minutes	0.078596	0.000448	0.377690	0.000000
exponential2	43	313814094	CMS	days	hours	0.014592	0.000490	0.069802	0.000000
exponential2	43	313814094	CMS	days	days	0.001653	0.000442	0.007779	0.000000
exponential2	43	313814094	CMS	days	months	0.000254	0.001016	0.001193	0.000000
exponential2	43	313814094	CMS	months	seconds	0.440903	0.000818	1.927060	0.000000
exponential2	43	313814094	CMS	months	minutes	0.076440	0.000792	0.378342	0.000000
exponential2	43	313814094	CMS	months	hours	0.014544	0.001423	0.073483	0.000000
exponential2	43	313814094	CMS	months	days	0.002513	0.003009	0.012395	0.000000
exponential2	43	313814094	CMS	months	months	0.000541	0.002561	0.002538	0.000000
exponential2	43	313814094	CMS	years	seconds	0.000100	0.000000	2.000000	0.000000
rationalPower1,4,1,1	107	313814094	CMS	subsecond	seconds	0.113161	0.000017	0.609879	0.000000
rationalPower1,4,1,1	107	313814094	CMS	subsecond	minutes	0.019429	0.000017	0.079688	0.000000
rationalPower1,4,1,1	107	313814094	CMS	subsecond	hours	0.002870	0.000174	0.012343	0.000000
rationalPower1,4,1,1	107	313814094	CMS	subsecond	days	0.000369	0.000069	0.001755	0.000000
rationalPower1,4,1,1	107	313814094	CMS	subsecond	months	0.000084	0.000000	0.000384	0.000000
rationalPower1,4,1,1	107	313814094	CMS	subsecond	years	0.000000	0.001000	0.000000	0.000000
rationalPower1,4,1,1	107	313814094	CMS	seconds	seconds	0.210021	0.000026	1.247899	0.000000
rationalPower1,4,1,1	107	313814094	CMS	seconds	minutes	0.019891	0.000027	0.098009	0.000000
rationalPower1,4,1,1	107	313814094	CMS	seconds	hours	0.002384	0.000044	0.012455	0.000000
rationalPower1,4,1,1	107	313814094	CMS	seconds	days	0.000364	0.000063	0.001756	0.000000
rationalPower1,4,1,1	107	313814094	CMS	seconds	months	0.000087	0.000071	0.000384	0.000000
rationalPower1,4,1,1	107	313814094	CMS	seconds	years	0.000000	0.000000	0.000000	0.000000
rationalPower1,4,1,1	107	313814094	CMS	minutes	seconds	0.415017	0.000014	1.871358	0.000000
rationalPower1,4,1,1	107	313814094	CMS	minutes	minutes	0.040507	0.000027	0.196584	0.000000
rationalPower1,4,1,1	107	313814094	CMS	minutes	hours	0.002902	0.000030	0.014824	0.000000
rationalPower1,4,1,1	107	313814094	CMS	minutes	days	0.000347	0.000050	0.001645	0.000000
rationalPower1,4,1,1	107	313814094	CMS	minutes	months	0.000079	0.000072	0.000385	0.000000
rationalPower1,4,1,1	107	313814094	CMS	hours	seconds	0.419545	0.000018	1.922997	0.000000
rationalPower1,4,1,1	107	313814094	CMS	hours	minutes	0.069597	0.000031	0.331879	0.000000
rationalPower1,4,1,1	107	313814094	CMS	hours	hours	0.005786	0.000043	0.028076	0.000000
rationalPower1,4,1,1	107	313814094	CMS	hours	days	0.000399	0.000027	0.002000	0.000000
rationalPower1,4,1,1	107	313814094	CMS	hours	months	0.000087	0.000075	0.000396	0.000000
rationalPower1,4,1,1	107	313814094	CMS	days	seconds	0.455851	0.000028	1.926713	0.000000
rationalPower1,4,1,1	107	313814094	CMS	days	minutes	0.078113	0.000026	0.375133	0.000000
rationalPower1,4,1,1	107	313814094	CMS	days	hours	0.013036	0.000012	0.060522	0.000000
rationalPower1,4,1,1	107	313814094	CMS	days	days	0.000819	0.000034	0.003954	0.000000
rationalPower1,4,1,1	107	313814094	CMS	days	months	0.000097	0.000060	0.000440	0.000000
rationalPower1,4,1,1	107	313814094	CMS	months	seconds	0.440928	0.000020	1.927009	0.000000
rationalPower1,4,1,1	107	313814094	CMS	months	minutes	0.076200	0.000043	0.377995	0.000000
rationalPower1,4,1,1	107	313814094	CMS	months	hours	0.014051	0.000024	0.071661	0.000000
rationalPower1,4,1,1	107	313814094	CMS	months	days	0.001805	0.000044	0.008132	0.000000
rationalPower1,4,1,1	107	313814094	CMS	months	months	0.000148	0.000030	0.000945	0.000000
rationalPower1,4,1,1	107	313814094	CMS	years	seconds	0.000099	0.000000	2.000000	0.000000
rationalPower1,4,2,1	174	313814094	CMS	subsecond	seconds	0.090476	0.000017	0.574900	0.000000
rationalPower1,4,2,1	174	313814094	CMS	subsecond	minutes	0.014340	0.000000	0.070745	0.000000
rationalPower1,4,2,1	174	313814094	CMS	subsecond	hours	0.001750	0.000043	0.009583	0.000000
rationalPower1,4,2,1	174	313814094	CMS	subsecond	days	0.000274	0.000000	0.001450	0.000000
rationalPower1,4,2,1	174	313814094	CMS	subsecond	months	0.000065	0.000000	0.000281	0.000000
rationalPower1,4,2,1	174	313814094	CMS	subsecond	years	0.000000	0.000000	0.000000	0.000000
rationalPower1,4,2,1	174	313814094	CMS	seconds	seconds	0.202791	0.000007	1.183398	0.000000
rationalPower1,4,2,1	174	313814094	CMS	seconds	minutes	0.016398	0.000005	0.078664	0.000000
rationalPower1,4,2,1	174	313814094	CMS	seconds	hours	0.001885	0.000030	0.009562	0.000000
rationalPower1,4,2,1	174	313814094	CMS	seconds	days	0.000298	0.000026	0.001449	0.000000
rationalPower1,4,2,1	174	313814094	CMS	seconds	months	0.000059	0.000048	0.000281	0.000000
rationalPower1,4,2,1	174	313814094	CMS	seconds	years	0.000000	0.000000	0.000000	0.000000
rationalPower1,4,2,1	174	313814094	CMS	minutes	seconds	0.405380	0.000012	1.844517	0.000000
rationalPower1,4,2,1	174	313814094	CMS	minutes	minutes	0.033393	0.000012	0.161926	0.000000
rationalPower1,4,2,1	174	313814094	CMS	minutes	hours	0.002337	0.000007	0.011622	0.000000
rationalPower1,4,2,1	174	313814094	CMS	minutes	days	0.000290	0.000018	0.001441	0.000000
rationalPower1,4,2,1	174	313814094	CMS	minutes	months	0.000058	0.000023	0.000283	0.000000
rationalPower1,4,2,1	174	313814094	CMS	hours	seconds	0.416507	0.000012	1.922409	0.000000
rationalPower1,4,2,1	174	313814094	CMS	hours	minutes	0.064948	0.000024	0.314990	0.000000
rationalPower1,4,2,1	174	313814094	CMS	hours	hours	0.004491	0.000040	0.023187	0.000000
rationalPower1,4,2,1	174	313814094	CMS	hours	days	0.000312	0.000006	0.001545	0.000000
rationalPower1,4,2,1	174	313814094	CMS	hours	months	0.000052	0.000016	0.000268	0.000000
rationalPower1,4,2,1	174	313814094	CMS	days	seconds	0.456046	0.000002	1.926380	0.000000
rationalPower1,4,2,1	174	313814094	CMS	days	minutes	0.077782	0.000005	0.372963	0.000000
rationalPower1,4,2,1	174	313814094	CMS	days	hours	0.011510	0.000004	0.055011	0.000000
rationalPower1,4,2,1	174	313814094	CMS	days	days	0.000627	0.000024	0.003123	0.000000
rationalPower1,4,2,1	174	313814094	CMS	days	months	0.000067	0.000060	0.000338	0.000000
rationalPower1,4,2,1	174	313814094	CMS	months	seconds	0.440832	0.000023	1.927152	0.000000
rationalPower1,4,2,1	174	313814094	CMS	months	minutes	0.076308	0.000002	0.377594	0.000000
rationalPower1,4,2,1	174	313814094	CMS	months	hours	0.013740	0.000016	0.069565	0.000000
rationalPower1,4,2,1	174	313814094	CMS	months	days	0.001409	0.000006	0.006910	0.000000
rationalPower1,4,2,1	174	313814094	CMS	months	months	0.000133	0.000061	0.000771	0.000000
rationalPower1,4,2,1	174	313814094	CMS	years	seconds	0.000099	0.000000	2.000000	0.000000
rationalPower1,4,4,1	302	313814094	CMS	subsecond	seconds	0.062425	0.000000	0.424801	0.000000
rationalPower1,4,4,1	302	313814094	CMS	subsecond	minutes	0.010585	0.000034	0.059078	0.000000
rationalPower1,4,4,1	302	313814094	CMS	subsecond	hours	0.001710	0.000043	0.008198	0.000000
rationalPower1,4,4,1	302	313814094	CMS	subsecond	days	0.000173	0.000034	0.000996	0.000000
rationalPower1,4,4,1	302	313814094	CMS	subsecond	months	0.000036	0.000182	0.000200	0.000000
rationalPower1,4,4,1	302	313814094	CMS	subsecond	years	0.000000	0.000000	0.000000	0.000000
rationalPower1,4,4,1	302	313814094	CMS	seconds	seconds	0.153900	0.000003	0.907850	0.000000
rationalPower1,4,4,1	302	313814094	CMS	seconds	minutes	0.012962	0.000008	0.060410	0.000000
rationalPower1,4,4,1	302	313814094	CMS	seconds	hours	0.001624	0.000012	0.007902	0.000000
rationalPower1,4,4,1	302	313814094	CMS	seconds	days	0.000206	0.000027	0.001009	0.000000
rationalPower1,4,4,1	302	313814094	CMS	seconds	months	0.000045	0.000057	0.000200	0.000000
rationalPower1,4,4,1	302	313814094	CMS	seconds	years	0.000000	0.000000	0.000000	0.000000
rationalPower1,4,4,1	302	313814094	CMS	minutes	seconds	0.392030	0.000001	1.805874	0.000000
rationalPower1,4,4,1	302	313814094	CMS	minutes	minutes	0.028493	0.000005	0.137283	0.000000
rationalPower1,4,4,1	302	313814094	CMS	minutes	hours	0.001786	0.000010	0.008739	0.000000
rationalPower1,4,4,1	302	313814094	CMS	minutes	days	0.000224	0.000021	0.001092	0.000000
rationalPower1,4,4,1	302	313814094	CMS	minutes	months	0.000039	0.000045	0.000202	0.000000
rationalPower1,4,4,1	302	313814094	CMS	hours	seconds	0.415071	0.000005	1.916291	0.000000
rationalPower1,4,4,1	302	313814094	CMS	hours	minutes	0.059699	0.000004	0.279677	0.000000
rationalPower1,4,4,1	302	313814094	CMS	hours	hours	0.003324	0.000006	0.017410	0.000000
rationalPower1,4,4,1	302	313814094	CMS	hours	days	0.000232	0.000013	0.001159	0.000000
rationalPower1,4,4,1	302	313814094	CMS	hours	months	0.000043	0.000051	0.000223	0.000000
rationalPower1,4,4,1	302	313814094	CMS	days	seconds	0.455966	0.000002	1.925857	0.000000
rationalPower1,4,4,1	302	313814094	CMS	days	minutes	0.076617	0.000003	0.368756	0.000000
rationalPower1,4,4,1	302	313814094	CMS	days	hours	0.010300	0.000013	0.047585	0.000000
rationalPower1,4,4,1	302	313814094	CMS	days	days	0.000521	0.000008	0.002395	0.000000
rationalPower1,4,4,1	302	313814094	CMS	days	months	0.000054	0.000072	0.000256	0.000000
rationalPower1,4,4,1	302	313814094	CMS	months	seconds	0.440835	0.000012	1.927171	0.000000
rationalPower1,4,4,1	302	313814094	CMS	months	minutes	0.076135	0.000017	0.377262	0.000000
rationalPower1,4,4,1	302	313814094	CMS	months	hours	0.013451	0.000000	0.068120	0.000000
rationalPower1,4,4,1	302	313814094	CMS	months	days	0.001100	0.000006	0.005229	0.000000
rationalPower1,4,4,1	302	313814094	CMS	months	months	0.000124	0.000030	0.000476	0.000000
rationalPower1,4,4,1	302	313814094	CMS	years	seconds	0.000100	0.001000	2.000000	0.000000
rationalPower1,4,8,1	521	313814094	CMS	subsecond	seconds	0.050076	0.000017	0.228523	0.000000
rationalPower1,4,8,1	521	313814094	CMS	subsecond	minutes	0.009186	0.000051	0.045557	0.000000
rationalPower1,4,8,1	521	313814094	CMS	subsecond	hours	0.001230	0.000087	0.005970	0.000000
rationalPower1,4,8,1	521	313814094	CMS	subsecond	days	0.000110	0.000103	0.000752	0.000000
rationalPower1,4,8,1	521	313814094	CMS	subsecond	months	0.000028	0.001000	0.000141	0.000000
rationalPower1,4,8,1	521	313814094	CMS	subsecond	years	0.000000	0.000000	0.000000	0.000000
rationalPower1,4,8,1	521	313814094	CMS	seconds	seconds	0.117328	0.000028	0.727821	0.000000
rationalPower1,4,8,1	521	313814094	CMS	seconds	minutes	0.009928	0.000030	0.044969	0.000000
rationalPower1,4,8,1	521	313814094	CMS	seconds	hours	0.001196	0.000049	0.005891	0.000000
rationalPower1,4,8,1	521	313814094	CMS	seconds	days	0.000150	0.000074	0.000745	0.000000
rationalPower1,4,8,1	521	313814094	CMS	seconds	months	0.000032	0.000197	0.000141	0.000000
rationalPower1,4,8,1	521	313814094	CMS	seconds	years	0.000000	0.000000	0.000000	0.000000
rationalPower1,4,8,1	521	313814094	CMS	minutes	seconds	0.364303	0.000014	1.726298	0.000000
rationalPower1,4,8,1	521	313814094	CMS	minutes	minutes	0.022838	0.000023	0.108384	0.000000
rationalPower1,4,8,1	521	313814094	CMS	minutes	hours	0.001322	0.000031	0.006648	0.000000
rationalPower1,4,8,1	521	313814094	CMS	minutes	days	0.000173	0.000065	0.000826	0.000000
rationalPower1,4,8,1	521	313814094	CMS	minutes	months	0.000031	0.000154	0.000148	0.000000
rationalPower1,4,8,1	521	313814094	CMS	hours	seconds	0.415487	0.000038	1.906053	0.000000
rationalPower1,4,8,1	521	313814094	CMS	hours	minutes	0.052651	0.000009	0.244251	0.000000
rationalPower1,4,8,1	521	313814094	CMS	hours	hours	0.002678	0.000049	0.013162	0.000000
rationalPower1,4,8,1	521	313814094	CMS	hours	days	0.000173	0.000061	0.000898	0.000000
rationalPower1,4,8,1	521	313814094	CMS	hours	months	0.000032	0.000182	0.000167	0.000000
rationalPower1,4,8,1	521	313814094	CMS	days	seconds	0.455921	0.000036	1.925522	0.000000
rationalPower1,4,8,1	521	313814094	CMS	days	minutes	0.074957	0.000020	0.362515	0.000000
rationalPower1,4,8,1	521	313814094	CMS	days	hours	0.008484	0.000048	0.040359	0.000000
rationalPower1,4,8,1	521	313814094	CMS	days	days	0.000380	0.000095	0.001827	0.000000
rationalPower1,4,8,1	521	313814094	CMS	days	months	0.000037	0.000320	0.000195	0.000000
rationalPower1,4,8,1	521	313814094	CMS	months	seconds	0.440330	0.000032	1.926893	0.000000
rationalPower1,4,8,1	521	313814094	CMS	months	minutes	0.076401	0.000031	0.376426	0.000000
rationalPower1,4,8,1	521	313814094	CMS	months	hours	0.012702	0.000043	0.063865	0.000000
rationalPower1,4,8,1	521	313814094	CMS	months	days	0.000825	0.000044	0.004155	0.000000
rationalPower1,4,8,1	521	313814094	CMS	months	months	0.000090	0.000273	0.000405	0.000000
rationalPower1,4,8,1	521	313814094	CMS	years	seconds	0.000099	0.000000	2.000000	0.000000
rationalPower1,4,16,1	889	313814094	CMS	subsecond	seconds	0.030408	0.000017	0.112892	0.000000
rationalPower1,4,16,1	889	313814094	CMS	subsecond	minutes	0.006150	0.000034	0.028729	0.000000
rationalPower1,4,16,1	889	313814094	CMS	subsecond	hours	0.000895	0.000087	0.004322	0.000000
rationalPower1,4,16,1	889	313814094	CMS	subsecond	days	0.000102	0.000138	0.000590	0.000000
rationalPower1,4,16,1	889	313814094	CMS	subsecond	months	0.000030	0.000273	0.000126	0.000000
rationalPower1,4,16,1	889	313814094	CMS	subsecond	years	0.000000	0.001000	0.000000	0.000000
rationalPower1,4,16,1	889	313814094	CMS	seconds	seconds	0.094715	0.000003	0.571369	0.000000
rationalPower1,4,16,1	889	313814094	CMS	seconds	minutes	0.007330	0.000018	0.030559	0.000000
rationalPower1,4,16,1	889	313814094	CMS	seconds	hours	0.000856	0.000067	0.004219	0.000000
rationalPower1,4,16,1	889	313814094	CMS	seconds	days	0.000120	0.000120	0.000588	0.000000
rationalPower1,4,16,1	889	313814094	CMS	seconds	months	0.000025	0.000247	0.000126	0.000000
rationalPower1,4,16,1	889	313814094	CMS	seconds	years	0.000000	0.000000	0.000000	0.000000
rationalPower1,4,16,1	889	313814094	CMS	minutes	seconds	0.320071	0.000002	1.607255	0.000000
rationalPower1,4,16,1	889	313814094	CMS	minutes	minutes	0.016745	0.000011	0.082276	0.000000
rationalPower1,4,16,1	889	313814094	CMS	minutes	hours	0.001088	0.000039	0.005167	0.000000
rationalPower1,4,16,1	889	313814094	CMS	minutes	days	0.000120	0.000105	0.000591	0.000000
rationalPower1,4,16,1	889	313814094	CMS	minutes	months	0.000026	0.000267	0.000131	0.000000
rationalPower1,4,16,1	889	313814094	CMS	hours	seconds	0.407101	0.000044	1.894657	0.000000
rationalPower1,4,16,1	889	313814094	CMS	hours	minutes	0.043022	0.000007	0.208973	0.000000
rationalPower1,4,16,1	889	313814094	CMS	hours	hours	0.002073	0.000062	0.009941	0.000000
rationalPower1,4,16,1	889	313814094	CMS	hours	days	0.000134	0.000103	0.000665	0.000000
rationalPower1,4,16,1	889	313814094	CMS	hours	months	0.000027	0.000300	0.000126	0.000000
rationalPower1,4,16,1	889	313814094	CMS	days	seconds	0.456625	0.000016	1.924893	0.000000
rationalPower1,4,16,1	889	313814094	CMS	days	minutes	0.072678	0.000051	0.352262	0.000000
rationalPower1,4,16,1	889	313814094	CMS	days	hours	0.006917	0.000003	0.032941	0.000000
rationalPower1,4,16,1	889	313814094	CMS	days	days	0.000278	0.000065	0.001402	0.000000
rationalPower1,4,16,1	889	313814094	CMS	days	months	0.000027	0.000201	0.000149	0.000000
rationalPower1,4,16,1	889	313814094	CMS	months	seconds	0.440426	0.000023	1.926840	0.000000
rationalPower1,4,16,1	889	313814094	CMS	months	minutes	0.076455	0.000005	0.375002	0.000000
rationalPower1,4,16,1	889	313814094	CMS	months	hours	0.011552	0.000016	0.058370	0.000000
rationalPower1,4,16,1	889	313814094	CMS	months	days	0.000685	0.000025	0.003416	0.000000
rationalPower1,4,16,1	889	313814094	CMS	months	months	0.000077	0.000121	0.000351	0.000000
rationalPower1,4,16,1	889	313814094	CMS	years	seconds	0.000099	0.000000	2.000000	0.000000
rationalPower1,2,1,1	1428	313814094	CMS	subsecond	seconds	0.030285	0.000017	0.145645	0.000000
rationalPower1,2,1,1	1428	313814094	CMS	subsecond	minutes	0.005872	0.000017	0.033623	0.000000
rationalPower1,2,1,1	1428	313814094	CMS	subsecond	hours	0.000921	0.000130	0.004660	0.000000
rationalPower1,2,1,1	1428	313814094	CMS	subsecond	days	0.000106	0.000207	0.000504	0.000000
rationalPower1,2,1,1	1428	313814094	CMS	subsecond	months	0.000026	0.000364	0.000094	0.000000
rationalPower1,2,1,1	1428	313814094	CMS	subsecond	years	0.000000	0.001000	0.000000	0.000000
rationalPower1,2,1,1	1428	313814094	CMS	seconds	seconds	0.104174	0.000003	0.683004	0.000000
rationalPower1,2,1,1	1428	313814094	CMS	seconds	minutes	0.008555	0.000017	0.037863	0.000000
rationalPower1,2,1,1	1428	313814094	CMS	seconds	hours	0.000958	0.000141	0.004709	0.000000
rationalPower1,2,1,1	1428	313814094	CMS	seconds	days	0.000105	0.000269	0.000503	0.000000
rationalPower1,2,1,1	1428	313814094	CMS	seconds	months	0.000019	0.000809	0.000094	0.000000
rationalPower1,2,1,1	1428	313814094	CMS	seconds	years	0.000000	0.001000	0.000000	0.000000
rationalPower1,2,1,1	1428	313814094	CMS	minutes	seconds	0.343443	0.000002	1.679293	0.000000
rationalPower1,2,1,1	1428	313814094	CMS	minutes	minutes	0.018564	0.000007	0.092771	0.000000
rationalPower1,2,1,1	1428	313814094	CMS	minutes	hours	0.001112	0.000042	0.005312	0.000000
rationalPower1,2,1,1	1428	313814094	CMS	minutes	days	0.000100	0.000220	0.000496	0.000000
rationalPower1,2,1,1	1428	313814094	CMS	minutes	months	0.000021	0.000606	0.000095	0.000000
rationalPower1,2,1,1	1428	313814094	CMS	hours	seconds	0.414655	0.000008	1.899250	0.000000
rationalPower1,2,1,1	1428	313814094	CMS	hours	minutes	0.044565	0.000005	0.208408	0.000000
rationalPower1,2,1,1	1428	313814094	CMS	hours	hours	0.001818	0.000040	0.009825	0.000000
rationalPower1,2,1,1	1428	313814094	CMS	hours	days	0.000115	0.000156	0.000567	0.000000
rationalPower1,2,1,1	1428	313814094	CMS	hours	months	0.000016	0.000557	0.000084	0.000000
rationalPower1,2,1,1	1428	313814094	CMS	days	seconds	0.455208	0.000003	1.923651	0.000000
rationalPower1,2,1,1	1428	313814094	CMS	days	minutes	0.070016	0.000002	0.340130	0.000000
rationalPower1,2,1,1	1428	313814094	CMS	days	hours	0.005586	0.000003	0.026358	0.000000
rationalPower1,2,1,1	1428	313814094	CMS	days	days	0.000233	0.000051	0.001008	0.000000
rationalPower1,2,1,1	1428	313814094	CMS	days	months	0.000021	0.000429	0.000101	0.000000
rationalPower1,2,1,1	1428	313814094	CMS	months	seconds	0.440509	0.000003	1.926859	0.000000
rationalPower1,2,1,1	1428	313814094	CMS	months	minutes	0.075300	0.000008	0.371561	0.000000
rationalPower1,2,1,1	1428	313814094	CMS	months	hours	0.009613	0.000004	0.049807	0.000000
rationalPower1,2,1,1	1428	313814094	CMS	months	days	0.000441	0.000022	0.002327	0.000000
rationalPower1,2,1,1	1428	313814094	CMS	months	months	0.000048	0.000182	0.000236	0.000000
rationalPower1,2,1,1	1428	313814094	CMS	years	seconds	0.000100	0.000000	2.000000	0.000000
rationalPower1,4,32,1	1523	313814094	CMS	subsecond	seconds	0.014397	0.000017	0.043944	0.000000
rationalPower1,4,32,1	1523	313814094	CMS	subsecond	minutes	0.005245	0.000068	0.020196	0.000000
rationalPower1,4,32,1	1523	313814094	CMS	subsecond	hours	0.000611	0.000130	0.003344	0.000000
rationalPower1,4,32,1	1523	313814094	CMS	subsecond	days	0.000076	0.000552	0.000474	0.000000
rationalPower1,4,32,1	1523	313814094	CMS	subsecond	months	0.000023	0.000727	0.000088	0.000000
rationalPower1,4,32,1	1523	313814094	CMS	subsecond	years	0.000000	0.002000	0.000000	0.000000
rationalPower1,4,32,1	1523	313814094	CMS	seconds	seconds	0.057543	0.000006	0.342616	0.000000
rationalPower1,4,32,1	1523	313814094	CMS	seconds	minutes	0.005891	0.000028	0.022767	0.000000
rationalPower1,4,32,1	1523	313814094	CMS	seconds	hours	0.000688	0.000102	0.003335	0.000000
rationalPower1,4,32,1	1523	313814094	CMS	seconds	days	0.000096	0.000277	0.000472	0.000000
rationalPower1,4,32,1	1523	313814094	CMS	seconds	months	0.000018	0.000431	0.000088	0.000000
rationalPower1,4,32,1	1523	313814094	CMS	seconds	years	0.000000	0.001000	0.000000	0.000000
rationalPower1,4,32,1	1523	313814094	CMS	minutes	seconds	0.270836	0.000003	1.460121	0.000000
rationalPower1,4,32,1	1523	313814094	CMS	minutes	minutes	0.012878	0.000015	0.063311	0.000000
rationalPower1,4,32,1	1523	313814094	CMS	minutes	hours	0.000848	0.000045	0.004003	0.000000
rationalPower1,4,32,1	1523	313814094	CMS	minutes	days	0.000093	0.000215	0.000460	0.000000
rationalPower1,4,32,1	1523	313814094	CMS	minutes	months	0.000018	0.000464	0.000083	0.000000
rationalPower1,4,32,1	1523	313814094	CMS	hours	seconds	0.402212	0.000004	1.876310	0.000000
rationalPower1,4,32,1	1523	313814094	CMS	hours	minutes	0.036035	0.000004	0.174732	0.000000
rationalPower1,4,32,1	1523	313814094	CMS	hours	hours	0.001391	0.000036	0.007552	0.000000
rationalPower1,4,32,1	1523	313814094	CMS	hours	days	0.000099	0.000163	0.000513	0.000000
rationalPower1,4,32,1	1523	313814094	CMS	hours	months	0.000019	0.000486	0.000094	0.000000
rationalPower1,4,32,1	1523	313814094	CMS	days	seconds	0.457998	0.000001	1.922338	0.000000
rationalPower1,4,32,1	1523	313814094	CMS	days	minutes	0.069356	0.000003	0.335987	0.000000
rationalPower1,4,32,1	1523	313814094	CMS	days	hours	0.005772	0.000003	0.026413	0.000000
rationalPower1,4,32,1	1523	313814094	CMS	days	days	0.000216	0.000029	0.001036	0.000000
rationalPower1,4,32,1	1523	313814094	CMS	days	months	0.000023	0.000335	0.000112	0.000000
rationalPower1,4,32,1	1523	313814094	CMS	months	seconds	0.439848	0.000003	1.927151	0.000000
rationalPower1,4,32,1	1523	313814094	CMS	months	minutes	0.076604	0.000002	0.371896	0.000000
rationalPower1,4,32,1	1523	313814094	CMS	months	hours	0.009920	0.000004	0.050845	0.000000
rationalPower1,4,32,1	1523	313814094	CMS	months	days	0.000461	0.000022	0.002463	0.000000
rationalPower1,4,32,1	1523	313814094	CMS	months	months	0.000049	0.000197	0.000235	0.000000
rationalPower1,4,32,1	1523	313814094	CMS	years	seconds	0.000099	0.000000	2.000000	0.000000
rationalPower1,2,2,1	2278	313814094	CMS	subsecond	seconds	0.030096	0.000000	0.142366	0.000000
rationalPower1,2,2,1	2278	313814094	CMS	subsecond	minutes	0.006155	0.000068	0.026870	0.000000
rationalPower1,2,2,1	2278	313814094	CMS	subsecond	hours	0.000939	0.000304	0.003735	0.000000
rationalPower1,2,2,1	2278	313814094	CMS	subsecond	days	0.000086	0.000621	0.000403	0.000000
rationalPower1,2,2,1	2278	313814094	CMS	subsecond	months	0.000018	0.001273	0.000076	0.000000
rationalPower1,2,2,1	2278	313814094	CMS	subsecond	years	0.000000	0.003000	0.000000	0.000000
rationalPower1,2,2,1	2278	313814094	CMS	seconds	seconds	0.087476	0.000008	0.532547	0.000000
rationalPower1,2,2,1	2278	313814094	CMS	seconds	minutes	0.006984	0.000039	0.029011	0.000000
rationalPower1,2,2,1	2278	313814094	CMS	seconds	hours	0.000765	0.000183	0.003601	0.000000
rationalPower1,2,2,1	2278	313814094	CMS	seconds	days	0.000083	0.000507	0.000404	0.000000
rationalPower1,2,2,1	2278	313814094	CMS	seconds	months	0.000015	0.001376	0.000075	0.000000
rationalPower1,2,2,1	2278	313814094	CMS	seconds	years	0.000000	0.002000	0.000000	0.000000
rationalPower1,2,2,1	2278	313814094	CMS	minutes	seconds	0.306791	0.000005	1.570665	0.000000
rationalPower1,2,2,1	2278	313814094	CMS	minutes	minutes	0.014925	0.000020	0.075976	0.000000
rationalPower1,2,2,1	2278	313814094	CMS	minutes	hours	0.000888	0.000132	0.004270	0.000000
rationalPower1,2,2,1	2278	313814094	CMS	minutes	days	0.000080	0.000454	0.000390	0.000000
rationalPower1,2,2,1	2278	313814094	CMS	minutes	months	0.000015	0.001259	0.000068	0.000000
rationalPower1,2,2,1	2278	313814094	CMS	hours	seconds	0.405125	0.000020	1.885191	0.000000
rationalPower1,2,2,1	2278	313814094	CMS	hours	minutes	0.037690	0.000012	0.180725	0.000000
rationalPower1,2,2,1	2278	313814094	CMS	hours	hours	0.001427	0.000087	0.007851	0.000000
rationalPower1,2,2,1	2278	313814094	CMS	hours	days	0.000093	0.000382	0.000448	0.000000
rationalPower1,2,2,1	2278	313814094	CMS	hours	months	0.000014	0.001166	0.000069	0.000000
rationalPower1,2,2,1	2278	313814094	CMS	days	seconds	0.456156	0.000014	1.921831	0.000000
rationalPower1,2,2,1	2278	313814094	CMS	days	minutes	0.065014	0.000016	0.316728	0.000000
rationalPower1,2,2,1	2278	313814094	CMS	days	hours	0.004301	0.000009	0.020873	0.000000
rationalPower1,2,2,1	2278	313814094	CMS	days	days	0.000157	0.000161	0.000767	0.000000
rationalPower1,2,2,1	2278	313814094	CMS	days	months	0.000015	0.000812	0.000079	0.000000
rationalPower1,2,2,1	2278	313814094	CMS	months	seconds	0.440140	0.000002	1.926895	0.000000
rationalPower1,2,2,1	2278	313814094	CMS	months	minutes	0.074778	0.000006	0.367466	0.000000
rationalPower1,2,2,1	2278	313814094	CMS	months	hours	0.009048	0.000008	0.044093	0.000000
rationalPower1,2,2,1	2278	313814094	CMS	months	days	0.000326	0.000044	0.001870	0.000000
rationalPower1,2,2,1	2278	313814094	CMS	months	months	0.000042	0.000485	0.000187	0.000000
rationalPower1,2,2,1	2278	313814094	CMS	years	seconds	0.000101	0.004000	2.000000	0.000000
rationalPower1,2,4,1	3578	313814094	CMS	subsecond	seconds	0.010418	0.000000	0.063137	0.000000
rationalPower1,2,4,1	3578	313814094	CMS	subsecond	minutes	0.004174	0.000051	0.019599	0.000000
rationalPower1,2,4,1	3578	313814094	CMS	subsecond	hours	0.000522	0.002261	0.002552	0.000000
rationalPower1,2,4,1	3578	313814094	CMS	subsecond	days	0.000055	0.001345	0.000311	0.000000
rationalPower1,2,4,1	3578	313814094	CMS	subsecond	months	0.000012	0.003636	0.000051	0.000000
rationalPower1,2,4,1	3578	313814094	CMS	subsecond	years	0.000000	0.003000	0.000000	0.000000
rationalPower1,2,4,1	3578	313814094	CMS	seconds	seconds	0.065144	0.000010	0.382073	0.000000
rationalPower1,2,4,1	3578	313814094	CMS	seconds	minutes	0.005498	0.000031	0.020888	0.000000
rationalPower1,2,4,1	3578	313814094	CMS	seconds	hours	0.000574	0.000175	0.002691	0.000000
rationalPower1,2,4,1	3578	313814094	CMS	seconds	days	0.000060	0.000716	0.000302	0.000000
rationalPower1,2,4,1	3578	313814094	CMS	seconds	months	0.000010	0.001627	0.000051	0.000000
rationalPower1,2,4,1	3578	313814094	CMS	seconds	years	0.000000	0.031000	0.000000	0.000000
rationalPower1,2,4,1	3578	313814094	CMS	minutes	seconds	0.270549	0.000003	1.416487	0.000000
rationalPower1,2,4,1	3578	313814094	CMS	minutes	minutes	0.011882	0.000023	0.057714	0.000000
rationalPower1,2,4,1	3578	313814094	CMS	minutes	hours	0.000680	0.000178	0.003315	0.000000
rationalPower1,2,4,1	3578	313814094	CMS	minutes	days	0.000061	0.000561	0.000305	0.000000
rationalPower1,2,4,1	3578	313814094	CMS	minutes	months	0.000011	0.001698	0.000052	0.000000
rationalPower1,2,4,1	3578	313814094	CMS	hours	seconds	0.393317	0.000002	1.861388	0.000000
rationalPower1,2,4,1	3578	313814094	CMS	hours	minutes	0.028785	0.000007	0.148035	0.000000
rationalPower1,2,4,1	3578	313814094	CMS	hours	hours	0.001266	0.000030	0.006040	0.000000
rationalPower1,2,4,1	3578	313814094	CMS	hours	days	0.000071	0.000472	0.000355	0.000000
rationalPower1,2,4,1	3578	313814094	CMS	hours	months	0.000011	0.001826	0.000054	0.000000
rationalPower1,2,4,1	3578	313814094	CMS	days	seconds	0.454298	0.000004	1.918135	0.000000
rationalPower1,2,4,1	3578	313814094	CMS	days	minutes	0.060415	0.000009	0.295917	0.000000
rationalPower1,2,4,1	3578	313814094	CMS	days	hours	0.003632	0.000012	0.017656	0.000000
rationalPower1,2,4,1	3578	313814094	CMS	days	days	0.000138	0.000147	0.000677	0.000000
rationalPower1,2,4,1	3578	313814094	CMS	days	months	0.000013	0.001235	0.000065	0.000000
rationalPower1,2,4,1	3578	313814094	CMS	months	seconds	0.440137	0.000002	1.925626	0.000000
rationalPower1,2,4,1	3578	313814094	CMS	months	minutes	0.073020	0.000003	0.360201	0.000000
rationalPower1,2,4,1	3578	313814094	CMS	months	hours	0.007028	0.000004	0.035289	0.000000
rationalPower1,2,4,1	3578	313814094	CMS	months	days	0.000257	0.000053	0.001353	0.000000
rationalPower1,2,4,1	3578	313814094	CMS	months	months	0.000029	0.001530	0.000125	0.000000
rationalPower1,2,4,1	3578	313814094	CMS	years	seconds	0.000100	0.000000	2.000000	0.000000
rationalPower1,2,8,1	5722	313814094	CMS	subsecond	seconds	0.006393	0.000017	0.023657	0.000000
rationalPower1,2,8,1	5722	313814094	CMS	subsecond	minutes	0.003633	0.000085	0.015508	0.000000
rationalPower1,2,8,1	5722	313814094	CMS	subsecond	hours	0.000380	0.000870	0.001728	0.000000
rationalPower1,2,8,1	5722	313814094	CMS	subsecond	days	0.000050	0.001345	0.000256	0.000000
rationalPower1,2,8,1	5722	313814094	CMS	subsecond	months	0.000010	0.012000	0.000047	0.000000
rationalPower1,2,8,1	5722	313814094	CMS	subsecond	years	0.000000	0.003000	0.000000	0.000000
rationalPower1,2,8,1	5722	313814094	CMS	seconds	seconds	0.039176	0.000005	0.256423	0.000000
rationalPower1,2,8,1	5722	313814094	CMS	seconds	minutes	0.004018	0.000078	0.014474	0.000000
rationalPower1,2,8,1	5722	313814094	CMS	seconds	hours	0.000469	0.000245	0.002125	0.000000
rationalPower1,2,8,1	5722	313814094	CMS	seconds	days	0.000049	0.000975	0.000255	0.000000
rationalPower1,2,8,1	5722	313814094	CMS	seconds	months	0.000010	0.002428	0.000047	0.000000
rationalPower1,2,8,1	5722	313814094	CMS	seconds	years	0.000000	0.002000	0.000000	0.000000
rationalPower1,2,8,1	5722	313814094	CMS	minutes	seconds	0.216230	0.000003	1.234248	0.000000
rationalPower1,2,8,1	5722	313814094	CMS	minutes	minutes	0.009616	0.000020	0.044364	0.000000
rationalPower1,2,8,1	5722	313814094	CMS	minutes	hours	0.000573	0.000220	0.002610	0.000000
rationalPower1,2,8,1	5722	313814094	CMS	minutes	days	0.000051	0.000891	0.000249	0.000000
rationalPower1,2,8,1	5722	313814094	CMS	minutes	months	0.000009	0.003003	0.000042	0.000000
rationalPower1,2,8,1	5722	313814094	CMS	hours	seconds	0.362831	0.000004	1.788491	0.000000
rationalPower1,2,8,1	5722	313814094	CMS	hours	minutes	0.024315	0.000007	0.125268	0.000000
rationalPower1,2,8,1	5722	313814094	CMS	hours	hours	0.000972	0.000055	0.004990	0.000000
rationalPower1,2,8,1	5722	313814094	CMS	hours	days	0.000056	0.000762	0.000285	0.000000
rationalPower1,2,8,1	5722	313814094	CMS	hours	months	0.000008	0.002174	0.000043	0.000000
rationalPower1,2,8,1	5722	313814094	CMS	days	seconds	0.454831	0.000001	1.915002	0.000000
rationalPower1,2,8,1	5722	313814094	CMS	days	minutes	0.053364	0.000011	0.263553	0.000000
rationalPower1,2,8,1	5722	313814094	CMS	days	hours	0.002773	0.000016	0.013296	0.000000
rationalPower1,2,8,1	5722	313814094	CMS	days	days	0.000102	0.000350	0.000490	0.000000
rationalPower1,2,8,1	5722	313814094	CMS	days	months	0.000010	0.001956	0.000050	0.000000
rationalPower1,2,8,1	5722	313814094	CMS	months	seconds	0.438893	0.000002	1.925459	0.000000
rationalPower1,2,8,1	5722	313814094	CMS	months	minutes	0.069892	0.000003	0.347456	0.000000
rationalPower1,2,8,1	5722	313814094	CMS	months	hours	0.006565	0.000004	0.030869	0.000000
rationalPower1,2,8,1	5722	313814094	CMS	months	days	0.000260	0.000072	0.001172	0.000000
rationalPower1,2,8,1	5722	313814094	CMS	months	months	0.000023	0.001288	0.000119	0.000000
rationalPower1,2,8,1	5722	313814094	CMS	years	seconds	0.000101	0.000000	2.000000	0.000000
rationalPower1,2,16,1	9024	313814094	CMS	subsecond	seconds	0.013039	0.000051	0.037027	0.000000
rationalPower1,2,16,1	9024	313814094	CMS	subsecond	minutes	0.001972	0.001085	0.011570	0.000000
rationalPower1,2,16,1	9024	313814094	CMS	subsecond	hours	0.000401	0.000522	0.001412	0.000000
rationalPower1,2,16,1	9024	313814094	CMS	subsecond	days	0.000038	0.001517	0.000198	0.000000
rationalPower1,2,16,1	9024	313814094	CMS	subsecond	months	0.000011	0.007182	0.000035	0.000000
rationalPower1,2,16,1	9024	313814094	CMS	subsecond	years	0.000000	0.026000	0.000000	0.000000
rationalPower1,2,16,1	9024	313814094	CMS	seconds	seconds	0.029568	0.000014	0.175203	0.000000
rationalPower1,2,16,1	9024	313814094	CMS	seconds	minutes	0.002976	0.000186	0.009917	0.000000
rationalPower1,2,16,1	9024	313814094	CMS	seconds	hours	0.000380	0.000615	0.001593	0.000000
rationalPower1,2,16,1	9024	313814094	CMS	seconds	days	0.000040	0.001898	0.000204	0.000000
rationalPower1,2,16,1	9024	313814094	CMS	seconds	months	0.000008	0.006197	0.000036	0.000000
rationalPower1,2,16,1	9024	313814094	CMS	seconds	years	0.000000	0.007000	0.000000	0.000000
rationalPower1,2,16,1	9024	313814094	CMS	minutes	seconds	0.173373	0.000019	1.043871	0.000000
rationalPower1,2,16,1	9024	313814094	CMS	minutes	minutes	0.007397	0.000060	0.031741	0.000000
rationalPower1,2,16,1	9024	313814094	CMS	minutes	hours	0.000437	0.000536	0.001972	0.000000
rationalPower1,2,16,1	9024	313814094	CMS	minutes	days	0.000039	0.001969	0.000195	0.000000
rationalPower1,2,16,1	9024	313814094	CMS	minutes	months	0.000007	0.005006	0.000035	0.000000
rationalPower1,2,16,1	9024	313814094	CMS	hours	seconds	0.357764	0.000003	1.761410	0.000000
rationalPower1,2,16,1	9024	313814094	CMS	hours	minutes	0.018617	0.000008	0.099476	0.000000
rationalPower1,2,16,1	9024	313814094	CMS	hours	hours	0.000762	0.000161	0.003602	0.000000
rationalPower1,2,16,1	9024	313814094	CMS	hours	days	0.000046	0.001391	0.000223	0.000000
rationalPower1,2,16,1	9024	313814094	CMS	hours	months	0.000007	0.005217	0.000033	0.000000
rationalPower1,2,16,1	9024	313814094	CMS	days	seconds	0.447583	0.000004	1.907112	0.000000
rationalPower1,2,16,1	9024	313814094	CMS	days	minutes	0.047962	0.000004	0.234521	0.000000
rationalPower1,2,16,1	9024	313814094	CMS	days	hours	0.002174	0.000033	0.010860	0.000000
rationalPower1,2,16,1	9024	313814094	CMS	days	days	0.000082	0.000643	0.000411	0.000000
rationalPower1,2,16,1	9024	313814094	CMS	days	months	0.000008	0.003799	0.000040	0.000000
rationalPower1,2,16,1	9024	313814094	CMS	months	seconds	0.439536	0.000003	1.924430	0.000000
rationalPower1,2,16,1	9024	313814094	CMS	months	minutes	0.066538	0.000005	0.332934	0.000000
rationalPower1,2,16,1	9024	313814094	CMS	months	hours	0.005637	0.000008	0.025180	0.000000
rationalPower1,2,16,1	9024	313814094	CMS	months	days	0.000186	0.000216	0.000918	0.000000
rationalPower1,2,16,1	9024	313814094	CMS	months	months	0.000016	0.002121	0.000089	0.000000
rationalPower1,2,16,1	9024	313814094	CMS	years	seconds	0.000101	0.000000	2.000000	0.000000
rationalPower1,2,32,1	13896	313814094	CMS	subsecond	seconds	0.007739	0.000051	0.030538	0.000000
rationalPower1,2,32,1	13896	313814094	CMS	subsecond	minutes	0.001677	0.000288	0.004705	0.000000
rationalPower1,2,32,1	13896	313814094	CMS	subsecond	hours	0.000242	0.001087	0.000977	0.000000
rationalPower1,2,32,1	13896	313814094	CMS	subsecond	days	0.000020	0.003069	0.000149	0.000000
rationalPower1,2,32,1	13896	313814094	CMS	subsecond	months	0.000007	0.014636	0.000029	0.000000
rationalPower1,2,32,1	13896	313814094	CMS	subsecond	years	0.000000	0.010000	0.000000	0.000000
rationalPower1,2,32,1	13896	313814094	CMS	seconds	seconds	0.021914	0.000022	0.126789	0.000000
rationalPower1,2,32,1	13896	313814094	CMS	seconds	minutes	0.002102	0.000216	0.006426	0.000000
rationalPower1,2,32,1	13896	313814094	CMS	seconds	hours	0.000304	0.000794	0.001277	0.000000
rationalPower1,2,32,1	13896	313814094	CMS	seconds	days	0.000029	0.002775	0.000145	0.000000
rationalPower1,2,32,1	13896	313814094	CMS	seconds	months	0.000006	0.008851	0.000028	0.000000
rationalPower1,2,32,1	13896	313814094	CMS	seconds	years	0.000000	0.013000	0.000000	0.000000
rationalPower1,2,32,1	13896	313814094	CMS	minutes	seconds	0.121268	0.000005	0.759179	0.000000
rationalPower1,2,32,1	13896	313814094	CMS	minutes	minutes	0.005432	0.000083	0.021081	0.000000
rationalPower1,2,32,1	13896	313814094	CMS	minutes	hours	0.000372	0.000557	0.001585	0.000000
rationalPower1,2,32,1	13896	313814094	CMS	minutes	days	0.000034	0.002346	0.000160	0.000000
rationalPower1,2,32,1	13896	313814094	CMS	minutes	months	0.000005	0.007928	0.000026	0.000000
rationalPower1,2,32,1	13896	313814094	CMS	hours	seconds	0.324326	0.000003	1.661985	0.000000
rationalPower1,2,32,1	13896	313814094	CMS	hours	minutes	0.017587	0.000015	0.090820	0.000000
rationalPower1,2,32,1	13896	313814094	CMS	hours	hours	0.000679	0.000208	0.003506	0.000000
rationalPower1,2,32,1	13896	313814094	CMS	hours	days	0.000039	0.001861	0.000185	0.000000
rationalPower1,2,32,1	13896	313814094	CMS	hours	months	0.000006	0.007846	0.000028	0.000000
rationalPower1,2,32,1	13896	313814094	CMS	days	seconds	0.451134	0.000003	1.897570	0.000000
rationalPower1,2,32,1	13896	313814094	CMS	days	minutes	0.041265	0.000004	0.203469	0.000000
rationalPower1,2,32,1	13896	313814094	CMS	days	hours	0.001777	0.000042	0.008663	0.000000
rationalPower1,2,32,1	13896	313814094	CMS	days	days	0.000065	0.000989	0.000331	0.000000
rationalPower1,2,32,1	13896	313814094	CMS	days	months	0.000006	0.006103	0.000033	0.000000
rationalPower1,2,32,1	13896	313814094	CMS	months	seconds	0.440204	0.000003	1.921764	0.000000
rationalPower1,2,32,1	13896	313814094	CMS	months	minutes	0.063585	0.000003	0.311686	0.000000
rationalPower1,2,32,1	13896	313814094	CMS	months	hours	0.003725	0.000012	0.019921	0.000000
rationalPower1,2,32,1	13896	313814094	CMS	months	days	0.000152	0.000307	0.000726	0.000000
rationalPower1,2,32,1	13896	313814094	CMS	months	months	0.000013	0.002924	0.000069	0.000000
rationalPower1,2,32,1	13896	313814094	CMS	years	seconds	0.000104	0.000000	2.000000	0.000000
rationalPower1,1,1,1	36385	313814094	CMS	subsecond	seconds	0.014269	0.000000	0.040698	0.000000
rationalPower1,1,1,1	36385	313814094	CMS	subsecond	minutes	0.002297	0.000153	0.009170	0.000000
rationalPower1,1,1,1	36385	313814094	CMS	subsecond	hours	0.000159	0.000913	0.000838	0.000000
rationalPower1,1,1,1	36385	313814094	CMS	subsecond	days	0.000022	0.007207	0.000108	0.000000
rationalPower1,1,1,1	36385	313814094	CMS	subsecond	months	0.000002	0.026818	0.000016	0.000000
rationalPower1,1,1,1	36385	313814094	CMS	subsecond	years	0.000000	0.049000	0.000000	0.000000
rationalPower1,1,1,1	36385	313814094	CMS	seconds	seconds	0.040903	0.000009	0.249139	0.000000
rationalPower1,1,1,1	36385	313814094	CMS	seconds	minutes	0.002836	0.000212	0.009253	0.000000
rationalPower1,1,1,1	36385	313814094	CMS	seconds	hours	0.000292	0.001380	0.001186	0.000000
rationalPower1,1,1,1	36385	313814094	CMS	seconds	days	0.000025	0.007131	0.000118	0.000000
rationalPower1,1,1,1	36385	313814094	CMS	seconds	months	0.000003	0.026277	0.000016	0.000000
rationalPower1,1,1,1	36385	313814094	CMS	seconds	years	0.000000	0.037000	0.000000	0.000000
rationalPower1,1,1,1	36385	313814094	CMS	minutes	seconds	0.148713	0.000015	0.907832	0.000000
rationalPower1,1,1,1	36385	313814094	CMS	minutes	minutes	0.006559	0.000070	0.026814	0.000000
rationalPower1,1,1,1	36385	313814094	CMS	minutes	hours	0.000334	0.000758	0.001437	0.000000
rationalPower1,1,1,1	36385	313814094	CMS	minutes	days	0.000023	0.007652	0.000111	0.000000
rationalPower1,1,1,1	36385	313814094	CMS	minutes	months	0.000003	0.024473	0.000015	0.000000
rationalPower1,1,1,1	36385	313814094	CMS	hours	seconds	0.297842	0.000004	1.580587	0.000000
rationalPower1,1,1,1	36385	313814094	CMS	hours	minutes	0.014695	0.000043	0.073579	0.000000
rationalPower1,1,1,1	36385	313814094	CMS	hours	hours	0.000555	0.000456	0.002701	0.000000
rationalPower1,1,1,1	36385	313814094	CMS	hours	days	0.000026	0.006085	0.000131	0.000000
rationalPower1,1,1,1	36385	313814094	CMS	hours	months	0.000003	0.025067	0.000015	0.000000
rationalPower1,1,1,1	36385	313814094	CMS	days	seconds	0.436177	0.000002	1.869613	0.000000
rationalPower1,1,1,1	36385	313814094	CMS	days	minutes	0.033114	0.000023	0.158171	0.000000
rationalPower1,1,1,1	36385	313814094	CMS	days	hours	0.001276	0.000126	0.006047	0.000000
rationalPower1,1,1,1	36385	313814094	CMS	days	days	0.000048	0.003732	0.000236	0.000000
rationalPower1,1,1,1	36385	313814094	CMS	days	months	0.000004	0.025730	0.000019	0.000000
rationalPower1,1,1,1	36385	313814094	CMS	months	seconds	0.433524	0.000034	1.913263	0.000000
rationalPower1,1,1,1	36385	313814094	CMS	months	minutes	0.048645	0.000080	0.240495	0.000000
rationalPower1,1,1,1	36385	313814094	CMS	months	hours	0.001919	0.000115	0.010756	0.000000
rationalPower1,1,1,1	36385	313814094	CMS	months	days	0.000084	0.001470	0.000393	0.000000
rationalPower1,1,1,1	36385	313814094	CMS	months	months	0.000008	0.019197	0.000037	0.000000
rationalPower1,1,1,1	36385	313814094	CMS	years	seconds	0.000102	0.000000	2.000000	0.000000
rationalPower1,1,2,1	51265	313814094	CMS	subsecond	seconds	0.005081	0.000034	0.026126	0.000000
rationalPower1,1,2,1	51265	313814094	CMS	subsecond	minutes	0.001793	0.000153	0.005118	0.000000
rationalPower1,1,2,1	51265	313814094	CMS	subsecond	hours	0.000168	0.000565	0.000560	0.000000
rationalPower1,1,2,1	51265	313814094	CMS	subsecond	days	0.000021	0.008793	0.000100	0.000000
rationalPower1,1,2,1	51265	313814094	CMS	subsecond	months	0.000002	0.036182	0.000011	0.000000
rationalPower1,1,2,1	51265	313814094	CMS	subsecond	years	0.000000	0.041000	0.000000	0.000000
rationalPower1,1,2,1	51265	313814094	CMS	seconds	seconds	0.026252	0.000016	0.168711	0.000000
rationalPower1,1,2,1	51265	313814094	CMS	seconds	minutes	0.002287	0.000228	0.007344	0.000000
rationalPower1,1,2,1	51265	313814094	CMS	seconds	hours	0.000234	0.001744	0.000881	0.000000
rationalPower1,1,2,1	51265	313814094	CMS	seconds	days	0.000018	0.009543	0.000087	0.000000
rationalPower1,1,2,1	51265	313814094	CMS	seconds	months	0.000002	0.036357	0.000012	0.000000
rationalPower1,1,2,1	51265	313814094	CMS	seconds	years	0.000000	0.055000	0.000000	0.000000
rationalPower1,1,2,1	51265	313814094	CMS	minutes	seconds	0.121204	0.000006	0.766347	0.000000
rationalPower1,1,2,1	51265	313814094	CMS	minutes	minutes	0.005177	0.000132	0.020052	0.000000
rationalPower1,1,2,1	51265	313814094	CMS	minutes	hours	0.000270	0.001151	0.001095	0.000000
rationalPower1,1,2,1	51265	313814094	CMS	minutes	days	0.000019	0.009029	0.000090	0.000000
rationalPower1,1,2,1	51265	313814094	CMS	minutes	months	0.000003	0.037982	0.000012	0.000000
rationalPower1,1,2,1	51265	313814094	CMS	hours	seconds	0.275379	0.000004	1.476575	0.000000
rationalPower1,1,2,1	51265	313814094	CMS	hours	minutes	0.012389	0.000152	0.059770	0.000000
rationalPower1,1,2,1	51265	313814094	CMS	hours	hours	0.000401	0.000733	0.002061	0.000000
rationalPower1,1,2,1	51265	313814094	CMS	hours	days	0.000022	0.008520	0.000109	0.000000
rationalPower1,1,2,1	51265	313814094	CMS	hours	months	0.000003	0.037972	0.000013	0.000000
rationalPower1,1,2,1	51265	313814094	CMS	days	seconds	0.424208	0.000051	1.841413	0.000000
rationalPower1,1,2,1	51265	313814094	CMS	days	minutes	0.028841	0.000030	0.136928	0.000000
rationalPower1,1,2,1	51265	313814094	CMS	days	hours	0.001009	0.000151	0.005004	0.000000
rationalPower1,1,2,1	51265	313814094	CMS	days	days	0.000039	0.004656	0.000189	0.000000
rationalPower1,1,2,1	51265	313814094	CMS	days	months	0.000003	0.028276	0.000016	0.000000
rationalPower1,1,2,1	51265	313814094	CMS	months	seconds	0.430293	0.000002	1.908039	0.000000
rationalPower1,1,2,1	51265	313814094	CMS	months	minutes	0.040419	0.000003	0.208371	0.000000
rationalPower1,1,2,1	51265	313814094	CMS	months	hours	0.001813	0.000051	0.008652	0.000000
rationalPower1,1,2,1	51265	313814094	CMS	months	days	0.000070	0.002047	0.000315	0.000000
rationalPower1,1,2,1	51265	313814094	CMS	months	months	0.000006	0.017045	0.000029	0.000000
rationalPower1,1,2,1	51265	313814094	CMS	years	seconds	0.000118	0.000000	2.000000	0.000000
rationalPower1,1,4,1	72711	313814094	CMS	subsecond	seconds	0.007069	0.000203	0.022783	0.000000
rationalPower1,1,4,1	72711	313814094	CMS	subsecond	minutes	0.001513	0.000458	0.004056	0.000000
rationalPower1,1,4,1	72711	313814094	CMS	subsecond	hours	0.000116	0.001522	0.000510	0.000000
rationalPower1,1,4,1	72711	313814094	CMS	subsecond	days	0.000018	0.017862	0.000062	0.000000
rationalPower1,1,4,1	72711	313814094	CMS	subsecond	months	0.000002	0.075364	0.000010	0.000000
rationalPower1,1,4,1	72711	313814094	CMS	subsecond	years	0.000000	0.092000	0.000000	0.000000
rationalPower1,1,4,1	72711	313814094	CMS	seconds	seconds	0.022421	0.000034	0.138287	0.000000
rationalPower1,1,4,1	72711	313814094	CMS	seconds	minutes	0.001632	0.000938	0.004817	0.000000
rationalPower1,1,4,1	72711	313814094	CMS	seconds	hours	0.000189	0.003679	0.000699	0.000000
rationalPower1,1,4,1	72711	313814094	CMS	seconds	days	0.000015	0.013332	0.000072	0.000000
rationalPower1,1,4,1	72711	313814094	CMS	seconds	months	0.000002	0.055143	0.000009	0.000000
rationalPower1,1,4,1	72711	313814094	CMS	seconds	years	0.000000	0.106000	0.000000	0.000000
rationalPower1,1,4,1	72711	313814094	CMS	minutes	seconds	0.089580	0.000007	0.575152	0.000000
rationalPower1,1,4,1	72711	313814094	CMS	minutes	minutes	0.004162	0.000761	0.015061	0.000000
rationalPower1,1,4,1	72711	313814094	CMS	minutes	hours	0.000225	0.006553	0.000855	0.000000
rationalPower1,1,4,1	72711	313814094	CMS	minutes	days	0.000016	0.018088	0.000074	0.000000
rationalPower1,1,4,1	72711	313814094	CMS	minutes	months	0.000002	0.061230	0.000010	0.000000
rationalPower1,1,4,1	72711	313814094	CMS	hours	seconds	0.249586	0.000029	1.374785	0.000000
rationalPower1,1,4,1	72711	313814094	CMS	hours	minutes	0.010355	0.000080	0.049415	0.000000
rationalPower1,1,4,1	72711	313814094	CMS	hours	hours	0.000365	0.008970	0.001652	0.000000
rationalPower1,1,4,1	72711	313814094	CMS	hours	days	0.000019	0.046316	0.000090	0.000000
rationalPower1,1,4,1	72711	313814094	CMS	hours	months	0.000002	0.080178	0.000011	0.000000
rationalPower1,1,4,1	72711	313814094	CMS	days	seconds	0.405959	0.000006	1.799857	0.000000
rationalPower1,1,4,1	72711	313814094	CMS	days	minutes	0.023651	0.000054	0.116827	0.000000
rationalPower1,1,4,1	72711	313814094	CMS	days	hours	0.000859	0.000171	0.004068	0.000000
rationalPower1,1,4,1	72711	313814094	CMS	days	days	0.000031	0.008674	0.000154	0.000000
rationalPower1,1,4,1	72711	313814094	CMS	days	months	0.000003	0.054251	0.000013	0.000000
rationalPower1,1,4,1	72711	313814094	CMS	months	seconds	0.427182	0.000006	1.892895	0.000000
rationalPower1,1,4,1	72711	313814094	CMS	months	minutes	0.032755	0.000012	0.181488	0.000000
rationalPower1,1,4,1	72711	313814094	CMS	months	hours	0.001543	0.000071	0.007285	0.000000
rationalPower1,1,4,1	72711	313814094	CMS	months	days	0.000055	0.010364	0.000257	0.000000
rationalPower1,1,4,1	72711	313814094	CMS	months	months	0.000004	0.159697	0.000023	0.000000
rationalPower1,1,4,1	72711	313814094	CMS	years	seconds	0.000115	0.000000	2.000000	0.000000
rationalPower1,1,8,1	102483	313814094	CMS	subsecond	seconds	0.007169	0.000102	0.032944	0.000000
rationalPower1,1,8,1	102483	313814094	CMS	subsecond	minutes	0.000918	0.001322	0.002435	0.000000
rationalPower1,1,8,1	102483	313814094	CMS	subsecond	hours	0.000113	0.003174	0.000340	0.000000
rationalPower1,1,8,1	102483	313814094	CMS	subsecond	days	0.000014	0.024586	0.000059	0.000000
rationalPower1,1,8,1	102483	313814094	CMS	subsecond	months	0.000001	0.122000	0.000008	0.000000
rationalPower1,1,8,1	102483	313814094	CMS	subsecond	years	0.000000	0.103000	0.000000	0.000000
rationalPower1,1,8,1	102483	313814094	CMS	seconds	seconds	0.015668	0.000017	0.091656	0.000000
rationalPower1,1,8,1	102483	313814094	CMS	seconds	minutes	0.001330	0.000423	0.003644	0.000000
rationalPower1,1,8,1	102483	313814094	CMS	seconds	hours	0.000152	0.003634	0.000501	0.000000
rationalPower1,1,8,1	102483	313814094	CMS	seconds	days	0.000014	0.018556	0.000061	0.000000
rationalPower1,1,8,1	102483	313814094	CMS	seconds	months	0.000002	0.084525	0.000009	0.000000
rationalPower1,1,8,1	102483	313814094	CMS	seconds	years	0.000000	0.162000	0.000000	0.000000
rationalPower1,1,8,1	102483	313814094	CMS	minutes	seconds	0.071347	0.000006	0.468402	0.000000
rationalPower1,1,8,1	102483	313814094	CMS	minutes	minutes	0.003208	0.000215	0.010837	0.000000
rationalPower1,1,8,1	102483	313814094	CMS	minutes	hours	0.000180	0.003405	0.000637	0.000000
rationalPower1,1,8,1	102483	313814094	CMS	minutes	days	0.000013	0.021191	0.000060	0.000000
rationalPower1,1,8,1	102483	313814094	CMS	minutes	months	0.000002	0.078243	0.000009	0.000000
rationalPower1,1,8,1	102483	313814094	CMS	hours	seconds	0.214389	0.000049	1.206320	0.000000
rationalPower1,1,8,1	102483	313814094	CMS	hours	minutes	0.008653	0.000052	0.038466	0.000000
rationalPower1,1,8,1	102483	313814094	CMS	hours	hours	0.000288	0.002331	0.001372	0.000000
rationalPower1,1,8,1	102483	313814094	CMS	hours	days	0.000016	0.021775	0.000076	0.000000
rationalPower1,1,8,1	102483	313814094	CMS	hours	months	0.000002	0.077115	0.000009	0.000000
rationalPower1,1,8,1	102483	313814094	CMS	days	seconds	0.384341	0.000114	1.753978	0.000000
rationalPower1,1,8,1	102483	313814094	CMS	days	minutes	0.022717	0.000079	0.101840	0.000000
rationalPower1,1,8,1	102483	313814094	CMS	days	hours	0.000748	0.000486	0.003531	0.000000
rationalPower1,1,8,1	102483	313814094	CMS	days	days	0.000029	0.011361	0.000134	0.000000
rationalPower1,1,8,1	102483	313814094	CMS	days	months	0.000002	0.063053	0.000011	0.000000
rationalPower1,1,8,1	102483	313814094	CMS	months	seconds	0.418637	0.000054	1.875412	0.000000
rationalPower1,1,8,1	102483	313814094	CMS	months	minutes	0.031541	0.000005	0.158831	0.000000
rationalPower1,1,8,1	102483	313814094	CMS	months	hours	0.001435	0.000063	0.006207	0.000000
rationalPower1,1,8,1	102483	313814094	CMS	months	days	0.000042	0.003605	0.000217	0.000000
rationalPower1,1,8,1	102483	313814094	CMS	months	months	0.000004	0.032152	0.000020	0.000000
rationalPower1,1,8,1	102483	313814094	CMS	years	seconds	0.000109	0.000000	2.000000	0.000000
rationalPower1,1,16,1	145353	313814094	CMS	subsecond	seconds	0.006942	0.000068	0.024381	0.000000
rationalPower1,1,16,1	145353	313814094	CMS	subsecond	minutes	0.000574	0.000949	0.001485	0.000000
rationalPower1,1,16,1	145353	313814094	CMS	subsecond	hours	0.000096	0.008304	0.000255	0.000000
rationalPower1,1,16,1	145353	313814094	CMS	subsecond	days	0.000015	0.041034	0.000038	0.000000
rationalPower1,1,16,1	145353	313814094	CMS	subsecond	months	0.000002	0.138727	0.000008	0.000000
rationalPower1,1,16,1	145353	313814094	CMS	subsecond	years	0.000000	0.206000	0.000000	0.000000
rationalPower1,1,16,1	145353	313814094	CMS	seconds	seconds	0.012504	0.000029	0.072414	0.000000
rationalPower1,1,16,1	145353	313814094	CMS	seconds	minutes	0.000970	0.000842	0.002540	0.000000
rationalPower1,1,16,1	145353	313814094	CMS	seconds	hours	0.000130	0.006363	0.000409	0.000000
rationalPower1,1,16,1	145353	313814094	CMS	seconds	days	0.000011	0.043789	0.000048	0.000000
rationalPower1,1,16,1	145353	313814094	CMS	seconds	months	0.000002	0.139698	0.000008	0.000000
rationalPower1,1,16,1	145353	313814094	CMS	seconds	years	0.000000	0.207000	0.000000	0.000000
rationalPower1,1,16,1	145353	313814094	CMS	minutes	seconds	0.057043	0.000010	0.349900	0.000000
rationalPower1,1,16,1	145353	313814094	CMS	minutes	minutes	0.002552	0.000471	0.008727	0.000000
rationalPower1,1,16,1	145353	313814094	CMS	minutes	hours	0.000151	0.005549	0.000503	0.000000
rationalPower1,1,16,1	145353	313814094	CMS	minutes	days	0.000012	0.036455	0.000048	0.000000
rationalPower1,1,16,1	145353	313814094	CMS	minutes	months	0.000001	0.138459	0.000007	0.000000
rationalPower1,1,16,1	145353	313814094	CMS	hours	seconds	0.179276	0.000004	1.056495	0.000000
rationalPower1,1,16,1	145353	313814094	CMS	hours	minutes	0.007181	0.000147	0.032229	0.000000
rationalPower1,1,16,1	145353	313814094	CMS	hours	hours	0.000253	0.002957	0.001090	0.000000
rationalPower1,1,16,1	145353	313814094	CMS	hours	days	0.000014	0.044630	0.000062	0.000000
rationalPower1,1,16,1	145353	313814094	CMS	hours	months	0.000002	0.228889	0.000008	0.000000
rationalPower1,1,16,1	145353	313814094	CMS	days	seconds	0.363369	0.000003	1.657195	0.000000
rationalPower1,1,16,1	145353	313814094	CMS	days	minutes	0.017315	0.000015	0.085917	0.000000
rationalPower1,1,16,1	145353	313814094	CMS	days	hours	0.000603	0.000834	0.002923	0.000000
rationalPower1,1,16,1	145353	313814094	CMS	days	days	0.000023	0.017216	0.000112	0.000000
rationalPower1,1,16,1	145353	313814094	CMS	days	months	0.000002	0.097608	0.000010	0.000000
rationalPower1,1,16,1	145353	313814094	CMS	months	seconds	0.402704	0.000003	1.859951	0.000000
rationalPower1,1,16,1	145353	313814094	CMS	months	minutes	0.028483	0.000008	0.148535	0.000000
rationalPower1,1,16,1	145353	313814094	CMS	months	hours	0.001099	0.000146	0.005520	0.000000
rationalPower1,1,16,1	145353	313814094	CMS	months	days	0.000039	0.006232	0.000197	0.000000
rationalPower1,1,16,1	145353	313814094	CMS	months	months	0.000004	0.048652	0.000019	0.000000
rationalPower1,1,16,1	145353	313814094	CMS	years	seconds	0.000106	0.000000	2.000000	0.000000
rationalPower1,1,32,1	204829	313814094	CMS	subsecond	seconds	0.005604	0.000237	0.023743	0.000000
rationalPower1,1,32,1	204829	313814094	CMS	subsecond	minutes	0.000527	0.000610	0.001330	0.000000
rationalPower1,1,32,1	204829	313814094	CMS	subsecond	hours	0.000079	0.017913	0.000188	0.000000
rationalPower1,1,32,1	204829	313814094	CMS	subsecond	days	0.000010	0.050000	0.000029	0.000000
rationalPower1,1,32,1	204829	313814094	CMS	subsecond	months	0.000001	0.177909	0.000006	0.000000
rationalPower1,1,32,1	204829	313814094	CMS	subsecond	years	0.000000	0.474000	0.000000	0.000000
rationalPower1,1,32,1	204829	313814094	CMS	seconds	seconds	0.008131	0.000097	0.052703	0.000000
rationalPower1,1,32,1	204829	313814094	CMS	seconds	minutes	0.000711	0.001417	0.001814	0.000000
rationalPower1,1,32,1	204829	313814094	CMS	seconds	hours	0.000098	0.008463	0.000294	0.000000
rationalPower1,1,32,1	204829	313814094	CMS	seconds	days	0.000009	0.046106	0.000036	0.000000
rationalPower1,1,32,1	204829	313814094	CMS	seconds	months	0.000001	0.156394	0.000005	0.000000
rationalPower1,1,32,1	204829	313814094	CMS	seconds	years	0.000000	0.234000	0.000000	0.000000
rationalPower1,1,32,1	204829	313814094	CMS	minutes	seconds	0.042345	0.000011	0.273199	0.000000
rationalPower1,1,32,1	204829	313814094	CMS	minutes	minutes	0.001872	0.000575	0.005981	0.000000
rationalPower1,1,32,1	204829	313814094	CMS	minutes	hours	0.000116	0.007289	0.000358	0.000000
rationalPower1,1,32,1	204829	313814094	CMS	minutes	days	0.000009	0.037392	0.000037	0.000000
rationalPower1,1,32,1	204829	313814094	CMS	minutes	months	0.000001	0.154492	0.000006	0.000000
rationalPower1,1,32,1	204829	313814094	CMS	hours	seconds	0.141881	0.000004	0.841085	0.000000
rationalPower1,1,32,1	204829	313814094	CMS	hours	minutes	0.005258	0.000413	0.021225	0.000000
rationalPower1,1,32,1	204829	313814094	CMS	hours	hours	0.000171	0.003904	0.000709	0.000000
rationalPower1,1,32,1	204829	313814094	CMS	hours	days	0.000011	0.042069	0.000048	0.000000
rationalPower1,1,32,1	204829	313814094	CMS	hours	months	0.000001	0.148700	0.000006	0.000000
rationalPower1,1,32,1	204829	313814094	CMS	days	seconds	0.325711	0.000002	1.597696	0.000000
rationalPower1,1,32,1	204829	313814094	CMS	days	minutes	0.016036	0.000151	0.070483	0.000000
rationalPower1,1,32,1	204829	313814094	CMS	days	hours	0.000481	0.000678	0.002248	0.000000
rationalPower1,1,32,1	204829	313814094	CMS	days	days	0.000017	0.019372	0.000085	0.000000
rationalPower1,1,32,1	204829	313814094	CMS	days	months	0.000002	0.119288	0.000008	0.000000
rationalPower1,1,32,1	204829	313814094	CMS	months	seconds	0.401875	0.000003	1.834735	0.000000
rationalPower1,1,32,1	204829	313814094	CMS	months	minutes	0.024112	0.000005	0.124327	0.000000
rationalPower1,1,32,1	204829	313814094	CMS	months	hours	0.000833	0.000091	0.004324	0.000000
rationalPower1,1,32,1	204829	313814094	CMS	months	days	0.000034	0.009006	0.000157	0.000000
rationalPower1,1,32,1	204829	313814094	CMS	months	months	0.000002	0.069545	0.000014	0.000000
rationalPower1,1,32,1	204829	313814094	CMS	years	seconds	0.000103	0.000000	2.000000	0.000000
rationalPower1,1,64,1	290491	313814094	CMS	subsecond	seconds	0.004697	0.000085	0.023730	0.000000
rationalPower1,1,64,1	290491	313814094	CMS	subsecond	minutes	0.000310	0.002797	0.000699	0.000000
rationalPower1,1,64,1	290491	313814094	CMS	subsecond	hours	0.000029	0.017043	0.000123	0.000000
rationalPower1,1,64,1	290491	313814094	CMS	subsecond	days	0.000011	0.075793	0.000024	0.000000
rationalPower1,1,64,1	290491	313814094	CMS	subsecond	months	0.000001	0.265455	0.000005	0.000000
rationalPower1,1,64,1	290491	313814094	CMS	subsecond	years	0.000000	0.419000	0.000000	0.000000
rationalPower1,1,64,1	290491	313814094	CMS	seconds	seconds	0.006967	0.000058	0.046022	0.000000
rationalPower1,1,64,1	290491	313814094	CMS	seconds	minutes	0.000513	0.001551	0.001362	0.000000
rationalPower1,1,64,1	290491	313814094	CMS	seconds	hours	0.000083	0.014611	0.000229	0.000000
rationalPower1,1,64,1	290491	313814094	CMS	seconds	days	0.000007	0.073835	0.000028	0.000000
rationalPower1,1,64,1	290491	313814094	CMS	seconds	months	0.000001	0.237137	0.000004	0.000000
rationalPower1,1,64,1	290491	313814094	CMS	seconds	years	0.000000	0.440000	0.000000	0.000000
rationalPower1,1,64,1	290491	313814094	CMS	minutes	seconds	0.032265	0.000016	0.192982	0.000000
rationalPower1,1,64,1	290491	313814094	CMS	minutes	minutes	0.001329	0.000847	0.004307	0.000000
rationalPower1,1,64,1	290491	313814094	CMS	minutes	hours	0.000093	0.012887	0.000268	0.000000
rationalPower1,1,64,1	290491	313814094	CMS	minutes	days	0.000008	0.067037	0.000029	0.000000
rationalPower1,1,64,1	290491	313814094	CMS	minutes	months	0.000001	0.227581	0.000005	0.000000
rationalPower1,1,64,1	290491	313814094	CMS	hours	seconds	0.119122	0.000007	0.729167	0.000000
rationalPower1,1,64,1	290491	313814094	CMS	hours	minutes	0.005009	0.000245	0.018354	0.000000
rationalPower1,1,64,1	290491	313814094	CMS	hours	hours	0.000162	0.007155	0.000589	0.000000
rationalPower1,1,64,1	290491	313814094	CMS	hours	days	0.000009	0.062657	0.000036	0.000000
rationalPower1,1,64,1	290491	313814094	CMS	hours	months	0.000001	0.240304	0.000006	0.000000
rationalPower1,1,64,1	290491	313814094	CMS	days	seconds	0.293371	0.000009	1.490674	0.000000
rationalPower1,1,64,1	290491	313814094	CMS	days	minutes	0.012687	0.000036	0.059387	0.000000
rationalPower1,1,64,1	290491	313814094	CMS	days	hours	0.000450	0.001144	0.001914	0.000000
rationalPower1,1,64,1	290491	313814094	CMS	days	days	0.000016	0.031046	0.000072	0.000000
rationalPower1,1,64,1	290491	313814094	CMS	days	months	0.000001	0.182918	0.000007	0.000000
rationalPower1,1,64,1	290491	313814094	CMS	months	seconds	0.378359	0.000002	1.761701	0.000000
rationalPower1,1,64,1	290491	313814094	CMS	months	minutes	0.018140	0.000011	0.109153	0.000000
rationalPower1,1,64,1	290491	313814094	CMS	months	hours	0.000815	0.000360	0.003785	0.000000
rationalPower1,1,64,1	290491	313814094	CMS	months	days	0.000026	0.011784	0.000136	0.000000
rationalPower1,1,64,1	290491	313814094	CMS	months	months	0.000002	0.104455	0.000013	0.000000
rationalPower1,1,64,1	290491	313814094	CMS	years	seconds	0.000115	0.000000	2.000000	0.000000
rationalPower1,1,128,1	409466	313814094	CMS	subsecond	seconds	0.002338	0.000203	0.017948	0.000000
rationalPower1,1,128,1	409466	313814094	CMS	subsecond	minutes	0.000238	0.002763	0.000604	0.000000
rationalPower1,1,128,1	409466	313814094	CMS	subsecond	hours	0.000072	0.057087	0.000114	0.000000
rationalPower1,1,128,1	409466	313814094	CMS	subsecond	days	0.000007	0.151345	0.000019	0.000000
rationalPower1,1,128,1	409466	313814094	CMS	subsecond	months	0.000001	0.464000	0.000004	0.000000
rationalPower1,1,128,1	409466	313814094	CMS	subsecond	years	0.000000	1.325000	0.000000	0.000000
rationalPower1,1,128,1	409466	313814094	CMS	seconds	seconds	0.005638	0.000319	0.033560	0.000000
rationalPower1,1,128,1	409466	313814094	CMS	seconds	minutes	0.000418	0.003242	0.001078	0.000000
rationalPower1,1,128,1	409466	313814094	CMS	seconds	hours	0.000054	0.015795	0.000161	0.000000
rationalPower1,1,128,1	409466	313814094	CMS	seconds	days	0.000006	0.087838	0.000021	0.000000
rationalPower1,1,128,1	409466	313814094	CMS	seconds	months	0.000001	0.301810	0.000004	0.000000
rationalPower1,1,128,1	409466	313814094	CMS	seconds	years	0.000000	1.305000	0.000000	0.000000
rationalPower1,1,128,1	409466	313814094	CMS	minutes	seconds	0.025441	0.000020	0.148804	0.000000
rationalPower1,1,128,1	409466	313814094	CMS	minutes	minutes	0.001032	0.001599	0.002975	0.000000
rationalPower1,1,128,1	409466	313814094	CMS	minutes	hours	0.000071	0.014503	0.000201	0.000000
rationalPower1,1,128,1	409466	313814094	CMS	minutes	days	0.000006	0.083191	0.000022	0.000000
rationalPower1,1,128,1	409466	313814094	CMS	minutes	months	0.000001	0.326188	0.000004	0.000000
rationalPower1,1,128,1	409466	313814094	CMS	hours	seconds	0.090309	0.000015	0.535248	0.000000
rationalPower1,1,128,1	409466	313814094	CMS	hours	minutes	0.003473	0.000965	0.012665	0.000000
rationalPower1,1,128,1	409466	313814094	CMS	hours	hours	0.000128	0.013728	0.000424	0.000000
rationalPower1,1,128,1	409466	313814094	CMS	hours	days	0.000007	0.074093	0.000028	0.000000
rationalPower1,1,128,1	409466	313814094	CMS	hours	months	0.000001	0.344395	0.000004	0.000000
rationalPower1,1,128,1	409466	313814094	CMS	days	seconds	0.255397	0.000009	1.330752	0.000000
rationalPower1,1,128,1	409466	313814094	CMS	days	minutes	0.010852	0.000046	0.049473	0.000000
rationalPower1,1,128,1	409466	313814094	CMS	days	hours	0.000370	0.001772	0.001613	0.000000
rationalPower1,1,128,1	409466	313814094	CMS	days	days	0.000014	0.039001	0.000060	0.000000
rationalPower1,1,128,1	409466	313814094	CMS	days	months	0.000001	0.245558	0.000005	0.000000
rationalPower1,1,128,1	409466	313814094	CMS	months	seconds	0.357191	0.000003	1.728844	0.000000
rationalPower1,1,128,1	409466	313814094	CMS	months	minutes	0.017446	0.000015	0.098896	0.000000
rationalPower1,1,128,1	409466	313814094	CMS	months	hours	0.000707	0.000375	0.003485	0.000000
rationalPower1,1,128,1	409466	313814094	CMS	months	days	0.000023	0.015812	0.000120	0.000000
rationalPower1,1,128,1	409466	313814094	CMS	months	months	0.000003	0.145636	0.000012	0.000000
rationalPower1,1,128,1	409466	313814094	CMS	years	seconds	0.000093	0.000000	2.000000	0.000000
